"source_project_id","extracted_at_ve","product_id","sku","product_name","is_active","product_type","is_combo","units_per_service","is_detail_editable","detail_units_limit","is_combo_component_selectable","inventory_enabled","legacy_is_inventory_item","legacy_inventory_kind","legacy_inventory_unit_name","legacy_packaging_name","legacy_packaging_size","legacy_product_stock","legacy_low_stock_threshold","legacy_inventory_deduction_mode","legacy_inventory_group","component_count","required_component_count","selectable_component_count","component_specs","active_link_count","self_link_count","recipe_link_count","active_link_specs","canonical_policy_candidate","review_required","review_reasons","canonical_policy_decision","canonical_inventory_target","canonical_quantity","canonical_deduction_stage","canonical_availability_mode","canonical_recipe_or_source","canonical_lead_time_minutes","canonical_critical_threshold","decision_notes","canonical_decision_status"
"hbgxqrrybonavaigaetz","2026-07-30 15:32:40","65","BABYMIX_F_25","Combo Baby Mix Frito (25 und)","true","combo","false","0","false","25","false","true","true","finished_good","pieza","","","0","","composition","other","6","6","0","8::Empanadas Fritas::fixed::qty=5.000::required=t | 11::Cachitas Fritas::fixed::qty=5.000::required=t | 14::Mandocas Fritas::fixed::qty=5.000::required=t | 5::Mini Tequeños Fritos::fixed::qty=5.000::required=t | 17::Bombys Fritos::fixed::qty=5.000::required=t | 24::Salsa Tártara 5oz::fixed::qty=1.000::required=t","5","0","5","19::Bombys Crudos::recipe::qty=5::unit=pieza | 13::Cachitas Crudas::recipe::qty=5::unit=pieza | 6::Empanadas Crudas::recipe::qty=5::unit=pieza | 1::Mini tequeño crudo::recipe::qty=5::unit=pieza | 5::Mandocas Crudas::recipe::qty=5::unit=pieza","review_ambiguous","true","components_and_active_inventory_links | product_type_is_combo_mismatch","components","composición fija declarada + salsa tártara 5oz","según componentes fijos","by_component","component_projection","expansión a piezas crudas y salsa física","","","Los enlaces directos paralelos del padre deben desactivarse para evitar doble descuento.","confirmed"
"hbgxqrrybonavaigaetz","2026-07-30 15:32:40","67","RUMBAMIX_F_76","Combo Rumba Mix Frito (76 und)","true","combo","false","0","false","76","false","false","false","finished_good","pieza","","","0","","self","other","6","6","0","5::Mini Tequeños Fritos::fixed::qty=20.000::required=t | 17::Bombys Fritos::fixed::qty=20.000::required=t | 8::Empanadas Fritas::fixed::qty=12.000::required=t | 11::Cachitas Fritas::fixed::qty=12.000::required=t | 14::Mandocas Fritas::fixed::qty=12.000::required=t | 24::Salsa Tártara 5oz::fixed::qty=1.000::required=t","0","0","0","","components","true","inventory_enabled_false_requires_explicit_policy | product_type_is_combo_mismatch","components","composición fija declarada + salsa tártara 5oz","según componentes fijos","by_component","component_projection","expansión a piezas crudas y salsa física","","","Los enlaces directos paralelos del padre deben desactivarse para evitar doble descuento.","confirmed"
"hbgxqrrybonavaigaetz","2026-07-30 15:32:40","66","SEXYMIX_F_50","Combo Sexy Mix Frito (50 und)","true","combo","false","0","false","50","false","false","false","finished_good","pieza","","","0","","self","other","6","6","0","5::Mini Tequeños Fritos::fixed::qty=10.000::required=t | 8::Empanadas Fritas::fixed::qty=10.000::required=t | 11::Cachitas Fritas::fixed::qty=10.000::required=t | 14::Mandocas Fritas::fixed::qty=10.000::required=t | 17::Bombys Fritos::fixed::qty=10.000::required=t | 24::Salsa Tártara 5oz::fixed::qty=1.000::required=t","0","0","0","","components","true","inventory_enabled_false_requires_explicit_policy | product_type_is_combo_mismatch","components","composición fija declarada + salsa tártara 5oz","según componentes fijos","by_component","component_projection","expansión a piezas crudas y salsa física","","","Los enlaces directos paralelos del padre deben desactivarse para evitar doble descuento.","confirmed"
"hbgxqrrybonavaigaetz","2026-07-30 15:32:40","1","SINGLE_10","Single Pack (10 und)","true","combo","false","0","true","10","false","true","true","finished_good","pieza","","","0","","composition","other","6","5","5","5::Mini Tequeños Fritos::selectable::qty=1.000::required=t | 8::Empanadas Fritas::selectable::qty=1.000::required=t | 11::Cachitas Fritas::selectable::qty=1.000::required=t | 14::Mandocas Fritas::selectable::qty=1.000::required=t | 17::Bombys Fritos::selectable::qty=1.000::required=t | 2::Salsa Tártara 1oz::fixed::qty=1.000::required=f","0","0","0","","components","true","product_type_is_combo_mismatch","components","selección libre de 10 piezas fritas + salsa tártara 1oz opcional","total seleccionable=10","by_component","component_projection","snapshot de selección real del pedido","","","La salsa solo consume inventario cuando el cliente la solicita.","confirmed"
"hbgxqrrybonavaigaetz","2026-07-30 15:32:40","61","SINGLE_6","Single Pack (6 und)","true","combo","false","0","true","6","false","true","true","finished_good","pieza","","","0","","composition","other","6","5","5","5::Mini Tequeños Fritos::selectable::qty=1.000::required=t | 8::Empanadas Fritas::selectable::qty=1.000::required=t | 11::Cachitas Fritas::selectable::qty=1.000::required=t | 14::Mandocas Fritas::selectable::qty=1.000::required=t | 17::Bombys Fritos::selectable::qty=1.000::required=t | 2::Salsa Tártara 1oz::fixed::qty=1.000::required=f","0","0","0","","components","true","product_type_is_combo_mismatch","components","selección libre de 6 piezas fritas + salsa tártara 1oz opcional","total seleccionable=6","by_component","component_projection","snapshot de selección real del pedido","","","La salsa solo consume inventario cuando el cliente la solicita.","confirmed"
"hbgxqrrybonavaigaetz","2026-07-30 15:32:40","62","SINGLE_8","Single Pack (8 und)","true","combo","false","0","true","8","false","true","true","finished_good","pieza","","","0","","composition","other","6","5","5","5::Mini Tequeños Fritos::selectable::qty=1.000::required=t | 8::Empanadas Fritas::selectable::qty=1.000::required=t | 11::Cachitas Fritas::selectable::qty=1.000::required=t | 14::Mandocas Fritas::selectable::qty=1.000::required=t | 17::Bombys Fritos::selectable::qty=1.000::required=t | 2::Salsa Tártara 1oz::fixed::qty=1.000::required=f","0","0","0","","components","true","product_type_is_combo_mismatch","components","selección libre de 8 piezas fritas + salsa tártara 1oz opcional","total seleccionable=8","by_component","component_projection","snapshot de selección real del pedido","","","La salsa solo consume inventario cuando el cliente la solicita.","confirmed"
"hbgxqrrybonavaigaetz","2026-07-30 15:32:40","63","VIVOBOX_6","Vivo Box (6 und)","true","combo","false","0","true","6","false","true","true","finished_good","pieza","","","0","","composition","other","7","7","5","23::Salsa Tártara 2oz::fixed::qty=1.000::required=t | 89::Dondy (1 und)::fixed::qty=1.000::required=t | 5::Mini Tequeños Fritos::selectable::qty=1.000::required=t | 8::Empanadas Fritas::selectable::qty=1.000::required=t | 11::Cachitas Fritas::selectable::qty=1.000::required=t | 14::Mandocas Fritas::selectable::qty=1.000::required=t | 17::Bombys Fritos::selectable::qty=1.000::required=t","0","0","0","","components","true","product_type_is_combo_mismatch","components","selección libre de 6 piezas fritas + 1 Dondy + 1 salsa tártara 2oz","seleccionables=6; fijos fuera del total=2","by_component","component_projection","snapshot de selección y componentes fijos","","","","confirmed"
"hbgxqrrybonavaigaetz","2026-07-30 15:32:40","64","VIVOBOX_XL_8","Vivo Box XL (8 und)","true","combo","false","0","true","8","false","true","true","finished_good","pieza","","","0","","composition","other","7","7","5","23::Salsa Tártara 2oz::fixed::qty=1.000::required=t | 89::Dondy (1 und)::fixed::qty=1.000::required=t | 5::Mini Tequeños Fritos::selectable::qty=1.000::required=t | 8::Empanadas Fritas::selectable::qty=1.000::required=t | 11::Cachitas Fritas::selectable::qty=1.000::required=t | 14::Mandocas Fritas::selectable::qty=1.000::required=t | 17::Bombys Fritos::selectable::qty=1.000::required=t","0","0","0","","components","true","product_type_is_combo_mismatch","components","selección libre de 8 piezas fritas + 1 Dondy + 1 salsa tártara 2oz","seleccionables=8; fijos fuera del total=2","by_component","component_projection","snapshot de selección y componentes fijos","","","","confirmed"
"hbgxqrrybonavaigaetz","2026-07-30 15:32:40","134","VIVOBOX_XXL_10","Vivo Box XXL (10 und)","true","combo","false","0","true","10","false","true","true","finished_good","pieza","","","0","","composition","other","7","7","5","23::Salsa Tártara 2oz::fixed::qty=1.000::required=t | 89::Dondy (1 und)::fixed::qty=1.000::required=t | 5::Mini Tequeños Fritos::selectable::qty=1.000::required=t | 8::Empanadas Fritas::selectable::qty=1.000::required=t | 11::Cachitas Fritas::selectable::qty=1.000::required=t | 14::Mandocas Fritas::selectable::qty=1.000::required=t | 17::Bombys Fritos::selectable::qty=1.000::required=t","0","0","0","","components","true","product_type_is_combo_mismatch","components","selección libre de 10 piezas fritas + 1 Dondy + 1 salsa tártara 2oz","seleccionables=10; fijos fuera del total=2","by_component","component_projection","snapshot de selección y componentes fijos","","","","confirmed"
"hbgxqrrybonavaigaetz","2026-07-30 15:32:40","156","GAMBIT_DONDY_1_CN","Dondy (1 und) Cliente Nuevo","true","gambit","false","1","false","0","false","true","true","finished_good","pieza","","","0","","composition","other","0","0","0","","1","0","1","47::Dondys::recipe::qty=1::unit=pieza","direct","false","","direct","inventory_item_47:Dondys crudos","1 pieza","kitchen","on_hand_only","Dondy individual","","","","confirmed"
"hbgxqrrybonavaigaetz","2026-07-30 15:32:40","161","GAMBIT_DONDY_1_BDAY","Dondy (1 und) Cumpleaños","true","gambit","false","1","false","0","false","true","true","finished_good","pieza","","","0","","composition","other","0","0","0","","1","0","1","47::Dondys::recipe::qty=1::unit=pieza","direct","false","","direct","inventory_item_47:Dondys crudos","1 pieza","kitchen","on_hand_only","Dondy individual","","","","confirmed"
"hbgxqrrybonavaigaetz","2026-07-30 15:32:40","93","GAMBIT_DONDYS_3","Dondys (3 und) Cliente Nuevo","true","gambit","false","3","false","0","false","true","true","finished_good","pieza","","","0","","composition","other","0","0","0","","1","0","1","47::Dondys::recipe::qty=3::unit=pieza","direct","false","","direct","inventory_item_47:Dondys crudos","3 piezas","kitchen","on_hand_only","medio servicio Dondy","","","","confirmed"
"hbgxqrrybonavaigaetz","2026-07-30 15:32:40","138","GAMBIT_DONDYS_3_BIRTHDAY","Dondys (3 und) Cumpleaños","true","gambit","false","3","false","0","false","true","true","finished_good","pieza","","","0","","composition","other","0","0","0","","1","0","1","47::Dondys::recipe::qty=3::unit=pieza","direct","false","","direct","inventory_item_47:Dondys crudos","3 piezas","kitchen","on_hand_only","medio servicio Dondy","","","","confirmed"
"hbgxqrrybonavaigaetz","2026-07-30 15:32:40","126","ANIVERSARIO_10","Single Pack (10 und) Aniversario","true","gambit","false","10","true","10","true","true","true","finished_good","pieza","","","0","","composition","other","6","5","5","2::Salsa Tártara 1oz::fixed::qty=1.000::required=f | 5::Mini Tequeños Fritos::selectable::qty=1.000::required=t | 8::Empanadas Fritas::selectable::qty=1.000::required=t | 11::Cachitas Fritas::selectable::qty=1.000::required=t | 14::Mandocas Fritas::selectable::qty=1.000::required=t | 17::Bombys Fritos::selectable::qty=1.000::required=t","0","0","0","","components","false","","components","selección libre de 10 piezas fritas + salsa tártara 1oz opcional","total seleccionable=10","by_component","component_projection","snapshot de selección real del pedido","","","La salsa solo consume inventario cuando el cliente la solicita.","confirmed"
"hbgxqrrybonavaigaetz","2026-07-30 15:32:40","160","LC_SINGLE_10","Single Pack (10 und) LC","true","gambit","false","10","true","10","true","true","true","finished_good","pieza","","","0","","composition","other","6","5","5","2::Salsa Tártara 1oz::fixed::qty=1.000::required=f | 5::Mini Tequeños Fritos::selectable::qty=1.000::required=t | 11::Cachitas Fritas::selectable::qty=1.000::required=t | 14::Mandocas Fritas::selectable::qty=1.000::required=t | 8::Empanadas Fritas::selectable::qty=1.000::required=t | 17::Bombys Fritos::selectable::qty=1.000::required=t","0","0","0","","components","false","","components","selección libre de 10 piezas fritas + salsa tártara 1oz opcional","total seleccionable=10","by_component","component_projection","snapshot de selección real del pedido","","","La salsa solo consume inventario cuando el cliente la solicita.","confirmed"
"hbgxqrrybonavaigaetz","2026-07-30 15:32:40","144","LOYAL_SINGLE_10","Single Pack (10 und) Loyal","true","gambit","false","10","true","10","true","true","true","finished_good","pieza","","","0","","composition","other","6","5","5","2::Salsa Tártara 1oz::fixed::qty=1.000::required=f | 5::Mini Tequeños Fritos::selectable::qty=1.000::required=t | 11::Cachitas Fritas::selectable::qty=1.000::required=t | 14::Mandocas Fritas::selectable::qty=1.000::required=t | 8::Empanadas Fritas::selectable::qty=1.000::required=t | 17::Bombys Fritos::selectable::qty=1.000::required=t","0","0","0","","components","false","","components","selección libre de 10 piezas fritas + salsa tártara 1oz opcional","total seleccionable=10","by_component","component_projection","snapshot de selección real del pedido","","","La salsa solo consume inventario cuando el cliente la solicita.","confirmed"
"hbgxqrrybonavaigaetz","2026-07-30 15:32:40","125","ANIVERSARIO_SINGLEPACK","Single Pack (6 und) Aniversario","true","gambit","false","6","true","6","true","true","true","finished_good","pieza","","","0","","composition","other","6","5","5","2::Salsa Tártara 1oz::fixed::qty=1.000::required=f | 5::Mini Tequeños Fritos::selectable::qty=1.000::required=t | 8::Empanadas Fritas::selectable::qty=1.000::required=t | 11::Cachitas Fritas::selectable::qty=1.000::required=t | 14::Mandocas Fritas::selectable::qty=1.000::required=t | 17::Bombys Fritos::selectable::qty=1.000::required=t","0","0","0","","components","false","","components","selección libre de 6 piezas fritas + salsa tártara 1oz opcional","total seleccionable=6","by_component","component_projection","snapshot de selección real del pedido","","","La salsa solo consume inventario cuando el cliente la solicita.","confirmed"
"hbgxqrrybonavaigaetz","2026-07-30 15:32:40","136","BIRTHDAY_SINGLEPACK","Single Pack (6 und) Cumpleaños","true","gambit","false","6","true","6","true","true","true","finished_good","pieza","","","0","","composition","other","6","5","5","2::Salsa Tártara 1oz::fixed::qty=1.000::required=f | 5::Mini Tequeños Fritos::selectable::qty=1.000::required=t | 8::Empanadas Fritas::selectable::qty=1.000::required=t | 11::Cachitas Fritas::selectable::qty=1.000::required=t | 14::Mandocas Fritas::selectable::qty=1.000::required=t | 17::Bombys Fritos::selectable::qty=1.000::required=t","0","0","0","","components","false","","components","selección libre de 6 piezas fritas + salsa tártara 1oz opcional","total seleccionable=6","by_component","component_projection","snapshot de selección real del pedido","","","La salsa solo consume inventario cuando el cliente la solicita.","confirmed"
"hbgxqrrybonavaigaetz","2026-07-30 15:32:40","158","LC_SINGLE_6","Single Pack (6 und) LC","true","gambit","false","6","true","6","true","true","true","finished_good","pieza","","","0","","composition","other","6","5","5","2::Salsa Tártara 1oz::fixed::qty=1.000::required=f | 5::Mini Tequeños Fritos::selectable::qty=1.000::required=t | 11::Cachitas Fritas::selectable::qty=1.000::required=t | 14::Mandocas Fritas::selectable::qty=1.000::required=t | 8::Empanadas Fritas::selectable::qty=1.000::required=t | 17::Bombys Fritos::selectable::qty=1.000::required=t","0","0","0","","components","false","","components","selección libre de 6 piezas fritas + salsa tártara 1oz opcional","total seleccionable=6","by_component","component_projection","snapshot de selección real del pedido","","","La salsa solo consume inventario cuando el cliente la solicita.","confirmed"
"hbgxqrrybonavaigaetz","2026-07-30 15:32:40","142","LOYAL_SINGLE_6","Single Pack (6 und) Loyal","true","gambit","false","6","true","6","true","true","true","finished_good","pieza","","","0","","composition","other","6","5","5","2::Salsa Tártara 1oz::fixed::qty=1.000::required=f | 5::Mini Tequeños Fritos::selectable::qty=1.000::required=t | 11::Cachitas Fritas::selectable::qty=1.000::required=t | 14::Mandocas Fritas::selectable::qty=1.000::required=t | 8::Empanadas Fritas::selectable::qty=1.000::required=t | 17::Bombys Fritos::selectable::qty=1.000::required=t","0","0","0","","components","false","","components","selección libre de 6 piezas fritas + salsa tártara 1oz opcional","total seleccionable=6","by_component","component_projection","snapshot de selección real del pedido","","","La salsa solo consume inventario cuando el cliente la solicita.","confirmed"
"hbgxqrrybonavaigaetz","2026-07-30 15:32:40","132","NC_SINGLEPACK_6","Single Pack (6 und) N.C","true","gambit","false","6","true","6","true","true","true","finished_good","pieza","","","0","","composition","other","6","5","5","2::Salsa Tártara 1oz::fixed::qty=1.000::required=f | 5::Mini Tequeños Fritos::selectable::qty=1.000::required=t | 8::Empanadas Fritas::selectable::qty=1.000::required=t | 11::Cachitas Fritas::selectable::qty=1.000::required=t | 14::Mandocas Fritas::selectable::qty=1.000::required=t | 17::Bombys Fritos::selectable::qty=1.000::required=t","0","0","0","","components","false","","components","selección libre de 6 piezas fritas + salsa tártara 1oz opcional","total seleccionable=6","by_component","component_projection","snapshot de selección real del pedido","","","La salsa solo consume inventario cuando el cliente la solicita.","confirmed"
"hbgxqrrybonavaigaetz","2026-07-30 15:32:40","157","ANIVERSARIO_8_SP","Single Pack (8 und) Aniversario","true","gambit","false","8","true","8","true","true","true","finished_good","pieza","","","0","","composition","other","6","5","5","2::Salsa Tártara 1oz::fixed::qty=1.000::required=f | 5::Mini Tequeños Fritos::selectable::qty=1.000::required=t | 8::Empanadas Fritas::selectable::qty=1.000::required=t | 11::Cachitas Fritas::selectable::qty=1.000::required=t | 14::Mandocas Fritas::selectable::qty=1.000::required=t | 17::Bombys Fritos::selectable::qty=1.000::required=t","0","0","0","","components","false","","components","selección libre de 8 piezas fritas + salsa tártara 1oz opcional","total seleccionable=8","by_component","component_projection","snapshot de selección real del pedido","","","La salsa solo consume inventario cuando el cliente la solicita.","confirmed"
"hbgxqrrybonavaigaetz","2026-07-30 15:32:40","159","LC_SINGLE_8","Single Pack (8 und) LC","true","gambit","false","8","true","8","true","true","true","finished_good","pieza","","","0","","composition","other","6","5","5","2::Salsa Tártara 1oz::fixed::qty=1.000::required=f | 5::Mini Tequeños Fritos::selectable::qty=1.000::required=t | 11::Cachitas Fritas::selectable::qty=1.000::required=t | 14::Mandocas Fritas::selectable::qty=1.000::required=t | 8::Empanadas Fritas::selectable::qty=1.000::required=t | 17::Bombys Fritos::selectable::qty=1.000::required=t","0","0","0","","components","false","","components","selección libre de 8 piezas fritas + salsa tártara 1oz opcional","total seleccionable=8","by_component","component_projection","snapshot de selección real del pedido","","","La salsa solo consume inventario cuando el cliente la solicita.","confirmed"
"hbgxqrrybonavaigaetz","2026-07-30 15:32:40","143","LOYAL_SINGLE_8","Single Pack (8 und) Loyal","true","gambit","false","8","true","8","true","true","true","finished_good","pieza","","","0","","composition","other","6","5","5","2::Salsa Tártara 1oz::fixed::qty=1.000::required=f | 5::Mini Tequeños Fritos::selectable::qty=1.000::required=t | 11::Cachitas Fritas::selectable::qty=1.000::required=t | 14::Mandocas Fritas::selectable::qty=1.000::required=t | 8::Empanadas Fritas::selectable::qty=1.000::required=t | 17::Bombys Fritos::selectable::qty=1.000::required=t","0","0","0","","components","false","","components","selección libre de 8 piezas fritas + salsa tártara 1oz opcional","total seleccionable=8","by_component","component_projection","snapshot de selección real del pedido","","","La salsa solo consume inventario cuando el cliente la solicita.","confirmed"
"hbgxqrrybonavaigaetz","2026-07-30 15:32:40","25","MM_2OZ","Aderezo Mostaza Miel 2oz","true","product","false","0","false","0","false","true","true","finished_good","pieza","","","0","","self","other","0","0","0","","1","1","0","22::Aderezo Mostaza Miel 2oz::self_link::qty=1::unit=pieza","self","false","","self","inventory_item_22:Aderezo Mostaza Miel 2oz","1 porción","fulfillment","immediate_recipe","planned_item:mostaza_miel_bulk_1kg -> 20 porciones de 2oz","","","Falta seleccionar o crear deliberadamente el ítem a granel de 1 kg. La regla está confirmada; falta crear deliberadamente el ítem a granel de 1 kg reutilizando el esquema existente.","confirmed_requires_new_inventory_item"
"hbgxqrrybonavaigaetz","2026-07-30 15:32:40","26","MM_5OZ","Aderezo Mostaza Miel 5oz","true","product","false","0","false","0","false","true","true","finished_good","pieza","","","0","","self","other","0","0","0","","1","1","0","23::Aderezo Mostaza Miel 5oz::self_link::qty=1::unit=pieza","self","false","","self","inventory_item_23:Aderezo Mostaza Miel 5oz","1 porción","fulfillment","immediate_recipe","planned_item:mostaza_miel_bulk_1kg -> 8 porciones de 5oz","","","Falta seleccionar o crear deliberadamente el ítem a granel de 1 kg. La regla está confirmada; falta crear deliberadamente el ítem a granel de 1 kg reutilizando el esquema existente.","confirmed_requires_new_inventory_item"
"hbgxqrrybonavaigaetz","2026-07-30 15:32:40","118","BOMB_CRUDO_OBS","Bombys Crudos (Beneficio del Mes)","true","product","false","25","false","0","true","true","true","finished_good","pieza","","","0","","self","other","0","0","0","","1","1","0","60::Bombys Crudos (Beneficio del Mes)::self_link::qty=1::unit=pieza","self","false","","self","inventory_item_19:Bombys Crudos","25 piezas por servicio","fulfillment","on_hand_only","misma existencia cruda normal","","","","confirmed"
"hbgxqrrybonavaigaetz","2026-07-30 15:32:40","117","BOMB_F_OBS","Bombys Fritos (Beneficio del Mes)","true","product","false","25","false","0","true","false","false","finished_good","pieza","","","0","","self","other","0","0","0","","0","0","0","","unconfigured","true","no_inventory_resolution | inventory_enabled_false_requires_explicit_policy","direct","inventory_item_19:Bombys Crudos","25/full; 12/half","kitchen","on_hand_only","misma fritura normal de Bombys","","","","confirmed"
"hbgxqrrybonavaigaetz","2026-07-30 15:32:40","116","BOMB_PF_OBS","Bombys Pre-Fritos (Beneficio del Mes)","true","product","false","25","false","0","true","true","true","finished_good","pieza","","","0","","self","other","0","0","0","","1","1","0","59::Bombys Pre-Fritos (Beneficio del Mes)::self_link::qty=1::unit=pieza","self","false","","self","inventory_item_17:Bombys Pre-Fritos","1 servicio prefrito","fulfillment","on_hand_only","mismo prefrito normal","240","","","confirmed"
"hbgxqrrybonavaigaetz","2026-07-30 15:32:40","121","CACH_CRUDO_OBS","Cachitas Crudas (Beneficio del Mes)","true","product","false","20","false","0","true","true","true","finished_good","pieza","","","0","","self","other","0","0","0","","1","1","0","63::Cachitas Crudas (Beneficio del Mes)::self_link::qty=1::unit=pieza","self","false","","self","inventory_item_13:Cachitas Crudas","20 piezas por servicio","fulfillment","on_hand_only","misma existencia cruda normal","","","","confirmed"
"hbgxqrrybonavaigaetz","2026-07-30 15:32:40","119","CACH_F_OBS","Cachitas Fritas (Beneficio del Mes)","true","product","false","20","false","0","true","true","true","finished_good","pieza","","","0","","self","other","0","0","0","","1","1","0","61::Cachitas Fritas (Beneficio del Mes)::self_link::qty=1::unit=pieza","self","false","","direct","inventory_item_13:Cachitas Crudas","20/full; 10/half","kitchen","on_hand_only","misma fritura normal de Cachitas","","","","confirmed"
"hbgxqrrybonavaigaetz","2026-07-30 15:32:40","120","CACH_PF_OBS","Cachitas Pre-Fritas (Beneficio del Mes)","true","product","false","20","false","0","true","true","true","finished_good","pieza","","","0","","self","other","0","0","0","","1","1","0","62::Cachitas Pre-Fritas (Beneficio del Mes)::self_link::qty=1::unit=pieza","self","false","","self","inventory_item_15:Cachitas Pre-Fritas","1 servicio prefrito","fulfillment","on_hand_only","mismo prefrito normal","240","","","confirmed"
"hbgxqrrybonavaigaetz","2026-07-30 15:32:40","44","CHIN_1500","Chinotto 1,5 Lts","true","product","false","0","false","0","false","true","true","finished_good","pieza","","","0","","self","other","0","0","0","","1","1","0","40::Chinotto 1,5 Lts::self_link::qty=1::unit=pieza","self","false","","self","inventory_item_40:Chinotto 1,5 Lts","1 pieza","fulfillment","on_hand_only","bebida terminada contada individualmente","","10","Umbral inicial configurable por ítem; presentaciones mayoristas o promocionales comparten stock.","confirmed"
"hbgxqrrybonavaigaetz","2026-07-30 15:32:40","45","CHIN_2000","Chinotto 2 Lts","true","product","false","0","false","0","false","true","true","finished_good","pieza","","","0","","self","other","0","0","0","","1","1","0","41::Chinotto 2 Lts::self_link::qty=1::unit=pieza","self","false","","self","inventory_item_41:Chinotto 2 Lts","1 pieza","fulfillment","on_hand_only","bebida terminada contada individualmente","","10","Umbral inicial configurable por ítem; presentaciones mayoristas o promocionales comparten stock.","confirmed"
"hbgxqrrybonavaigaetz","2026-07-30 15:32:40","41","COKE_1000","Coca-Cola 1 Lt","true","product","false","0","false","0","false","true","true","finished_good","pieza","","","0","","self","other","0","0","0","","1","1","0","37::Coca-Cola 1 Lt::self_link::qty=1::unit=pieza","self","false","","self","inventory_item_37:Coca-Cola 1 Lt","1 pieza","fulfillment","on_hand_only","bebida terminada contada individualmente","","10","Umbral inicial configurable por ítem; presentaciones mayoristas o promocionales comparten stock.","confirmed"
"hbgxqrrybonavaigaetz","2026-07-30 15:32:40","40","COKE_1500","Coca-Cola 1,5 Lts","true","product","false","0","false","0","false","true","true","finished_good","pieza","","","0","","self","other","0","0","0","","1","1","0","36::Coca-Cola 1,5 Lts::self_link::qty=1::unit=pieza","self","false","","self","inventory_item_36:Coca-Cola 1,5 Lts","1 pieza","fulfillment","on_hand_only","bebida terminada contada individualmente","","10","Umbral inicial configurable por ítem; presentaciones mayoristas o promocionales comparten stock.","confirmed"
"hbgxqrrybonavaigaetz","2026-07-30 15:32:40","128","COKE_1500MAYOR","Coca-Cola 1,5 Lts (Mayor)","true","product","false","6","false","0","false","true","true","finished_good","pieza","","","0","","self","other","0","0","0","","1","1","0","67::Coca-Cola 1,5 Lts (Mayor)::self_link::qty=1::unit=pieza","self","false","","self","inventory_item_36:Coca-Cola 1,5 Lts","1 pieza","fulfillment","on_hand_only","bebida terminada contada individualmente","","10","Umbral inicial configurable por ítem; presentaciones mayoristas o promocionales comparten stock.","confirmed"
"hbgxqrrybonavaigaetz","2026-07-30 15:32:40","42","COKE_2000","Coca-Cola 2 Lts","true","product","false","0","false","0","false","true","true","finished_good","pieza","","","0","","self","other","0","0","0","","1","1","0","38::Coca-Cola 2 Lts::self_link::qty=1::unit=pieza","self","false","","self","inventory_item_38:Coca-Cola 2 Lts","1 pieza","fulfillment","on_hand_only","bebida terminada contada individualmente","","10","Umbral inicial configurable por ítem; presentaciones mayoristas o promocionales comparten stock.","confirmed"
"hbgxqrrybonavaigaetz","2026-07-30 15:32:40","43","COKE_LAT","Coca-Cola Lata","true","product","false","0","false","0","false","true","true","finished_good","pieza","","","0","","self","other","0","0","0","","1","1","0","39::Coca-Cola Lata::self_link::qty=1::unit=pieza","self","false","","self","inventory_item_39:Coca-Cola Lata","1 pieza","fulfillment","on_hand_only","bebida terminada contada individualmente","","10","Umbral inicial configurable por ítem; presentaciones mayoristas o promocionales comparten stock.","confirmed"
"hbgxqrrybonavaigaetz","2026-07-30 15:32:40","48","COKE_ZERO_1000","Coca-Cola Sin Azúcar 1 Lt","true","product","false","0","false","0","false","true","true","finished_good","pieza","","","0","","self","other","0","0","0","","1","1","0","44::Coca-Cola Sin Azúcar 1 Lt::self_link::qty=1::unit=pieza","self","false","","self","inventory_item_44:Coca-Cola Sin Azúcar 1 Lt","1 pieza","fulfillment","on_hand_only","bebida terminada contada individualmente","","10","Umbral inicial configurable por ítem; presentaciones mayoristas o promocionales comparten stock.","confirmed"
"hbgxqrrybonavaigaetz","2026-07-30 15:32:40","49","COKE_ZERO_2000","Coca-Cola Sin Azúcar 2 Lts","true","product","false","0","false","0","false","true","true","finished_good","pieza","","","0","","self","other","0","0","0","","1","1","0","45::Coca-Cola Sin Azúcar 2 Lts::self_link::qty=1::unit=pieza","self","false","","self","inventory_item_45:Coca-Cola Sin Azúcar 2 Lts","1 pieza","fulfillment","on_hand_only","bebida terminada contada individualmente","","10","Umbral inicial configurable por ítem; presentaciones mayoristas o promocionales comparten stock.","confirmed"
"hbgxqrrybonavaigaetz","2026-07-30 15:32:40","101","BABYMIX_F_25A","Combo Baby Mix Frito (25 und) Ajustado","true","product","false","0","false","0","false","true","true","finished_good","pieza","","","0","","self","other","5","5","0","5::Mini Tequeños Fritos::fixed::qty=5.000::required=t | 11::Cachitas Fritas::fixed::qty=10.000::required=t | 14::Mandocas Fritas::fixed::qty=5.000::required=t | 17::Bombys Fritos::fixed::qty=5.000::required=t | 24::Salsa Tártara 5oz::fixed::qty=1.000::required=t","1","1","0","50::Combo Baby Mix Frito (25 und) Ajustado::self_link::qty=1::unit=pieza","review_ambiguous","true","components_and_active_inventory_links","components","composición ajustada vigente + salsa tártara 5oz","según snapshot real del pedido","by_component","component_projection","composición ajustada congelada por orden","","","El autoenlace del combo no es inventario físico y debe retirarse.","confirmed"
"hbgxqrrybonavaigaetz","2026-07-30 15:32:40","104","RUMBAMIX_F_76A","Combo Rumba Mix Frito (76 und) Ajustado","true","product","false","0","false","0","false","true","true","finished_good","pieza","","","0","","self","other","5","5","0","5::Mini Tequeños Fritos::fixed::qty=20.000::required=t | 11::Cachitas Fritas::fixed::qty=24.000::required=t | 14::Mandocas Fritas::fixed::qty=12.000::required=t | 17::Bombys Fritos::fixed::qty=20.000::required=t | 24::Salsa Tártara 5oz::fixed::qty=1.000::required=t","1","1","0","53::Combo Rumba Mix Frito (76 und) Ajustado::self_link::qty=1::unit=pieza","review_ambiguous","true","components_and_active_inventory_links","components","composición ajustada vigente + salsa tártara 5oz","según snapshot real del pedido","by_component","component_projection","composición ajustada congelada por orden","","","El autoenlace del combo no es inventario físico y debe retirarse.","confirmed"
"hbgxqrrybonavaigaetz","2026-07-30 15:32:40","100","SEXYMIX_F_50A","Combo Sexy Mix Frito (50 und) Ajustado","true","product","false","0","false","0","false","true","true","finished_good","pieza","","","0","","self","other","5","5","0","5::Mini Tequeños Fritos::fixed::qty=10.000::required=t | 11::Cachitas Fritas::fixed::qty=20.000::required=t | 14::Mandocas Fritas::fixed::qty=10.000::required=t | 17::Bombys Fritos::fixed::qty=10.000::required=t | 24::Salsa Tártara 5oz::fixed::qty=1.000::required=t","1","1","0","49::Combo Sexy Mix Frito (50 und) Ajustado::self_link::qty=1::unit=pieza","review_ambiguous","true","components_and_active_inventory_links","components","composición ajustada vigente + salsa tártara 5oz","según snapshot real del pedido","by_component","component_projection","composición ajustada congelada por orden","","","El autoenlace del combo no es inventario físico y debe retirarse.","confirmed"
"hbgxqrrybonavaigaetz","2026-07-30 15:32:40","70","DEL_Z1","Delivery Zona 1","true","product","false","0","false","0","false","false","false","finished_good","pieza","","","0","","self","other","0","0","0","","0","0","0","","unconfigured","true","no_inventory_resolution | inventory_enabled_false_requires_explicit_policy","none","not_applicable","0","none","not_applicable","servicio de delivery sin existencia física","","","Decisión 2026-07-30: línea comercial de delivery; puede formar parte de la orden y no genera requerimiento ni movimiento de inventario. Puede aparecer en una orden, pero no genera movimiento de inventario.","confirmed"
"hbgxqrrybonavaigaetz","2026-07-30 15:32:40","71","DEL_Z2","Delivery Zona 2","true","product","false","0","false","0","false","false","false","finished_good","pieza","","","0","","self","other","0","0","0","","0","0","0","","unconfigured","true","no_inventory_resolution | inventory_enabled_false_requires_explicit_policy","none","not_applicable","0","none","not_applicable","servicio de delivery sin existencia física","","","Decisión 2026-07-30: línea comercial de delivery; puede formar parte de la orden y no genera requerimiento ni movimiento de inventario. Puede aparecer en una orden, pero no genera movimiento de inventario.","confirmed"
"hbgxqrrybonavaigaetz","2026-07-30 15:32:40","72","DEL_Z3","Delivery Zona 3","true","product","false","0","false","0","false","false","false","finished_good","pieza","","","0","","self","other","0","0","0","","0","0","0","","unconfigured","true","no_inventory_resolution | inventory_enabled_false_requires_explicit_policy","none","not_applicable","0","none","not_applicable","servicio de delivery sin existencia física","","","Decisión 2026-07-30: línea comercial de delivery; puede formar parte de la orden y no genera requerimiento ni movimiento de inventario. Puede aparecer en una orden, pero no genera movimiento de inventario.","confirmed"
"hbgxqrrybonavaigaetz","2026-07-30 15:32:40","73","DEL_Z4","Delivery Zona 4","true","product","false","0","false","0","false","false","false","finished_good","pieza","","","0","","self","other","0","0","0","","0","0","0","","unconfigured","true","no_inventory_resolution | inventory_enabled_false_requires_explicit_policy","none","not_applicable","0","none","not_applicable","servicio de delivery sin existencia física","","","Decisión 2026-07-30: línea comercial de delivery; puede formar parte de la orden y no genera requerimiento ni movimiento de inventario. Puede aparecer en una orden, pero no genera movimiento de inventario.","confirmed"
"hbgxqrrybonavaigaetz","2026-07-30 15:32:40","74","DEL_Z5","Delivery Zona 5","true","product","false","0","false","0","false","false","false","finished_good","pieza","","","0","","self","other","0","0","0","","0","0","0","","unconfigured","true","no_inventory_resolution | inventory_enabled_false_requires_explicit_policy","none","not_applicable","0","none","not_applicable","servicio de delivery sin existencia física","","","Decisión 2026-07-30: línea comercial de delivery; puede formar parte de la orden y no genera requerimiento ni movimiento de inventario. Puede aparecer en una orden, pero no genera movimiento de inventario.","confirmed"
"hbgxqrrybonavaigaetz","2026-07-30 15:32:40","75","DEL_Z6","Delivery Zona 6","true","product","false","0","false","0","false","false","false","finished_good","pieza","","","0","","self","other","0","0","0","","0","0","0","","unconfigured","true","no_inventory_resolution | inventory_enabled_false_requires_explicit_policy","none","not_applicable","0","none","not_applicable","servicio de delivery sin existencia física","","","Decisión 2026-07-30: línea comercial de delivery; puede formar parte de la orden y no genera requerimiento ni movimiento de inventario. Puede aparecer en una orden, pero no genera movimiento de inventario.","confirmed"
"hbgxqrrybonavaigaetz","2026-07-30 15:32:40","76","DEL_Z7","Delivery Zona 7","true","product","false","0","false","0","false","false","false","finished_good","pieza","","","0","","self","other","0","0","0","","0","0","0","","unconfigured","true","no_inventory_resolution | inventory_enabled_false_requires_explicit_policy","none","not_applicable","0","none","not_applicable","servicio de delivery sin existencia física","","","Decisión 2026-07-30: línea comercial de delivery; puede formar parte de la orden y no genera requerimiento ni movimiento de inventario. Puede aparecer en una orden, pero no genera movimiento de inventario.","confirmed"
"hbgxqrrybonavaigaetz","2026-07-30 15:32:40","133","DONDY_1","Dondy (und)","true","product","false","1","false","0","true","true","true","finished_good","pieza","","","0","","composition","other","0","0","0","","1","0","1","69::Dondy (und)::recipe::qty=1::unit=pieza","direct","false","","direct","inventory_item_47:Dondys crudos","1 pieza","kitchen","on_hand_only","Dondy individual","","","","confirmed"
"hbgxqrrybonavaigaetz","2026-07-30 15:32:40","123","EMP_CRUDO_OBS","Empanadas Crudas (Beneficio del Mes)","true","product","false","20","false","0","true","true","true","finished_good","pieza","","","0","","self","other","0","0","0","","1","1","0","65::Empanadas Crudas (Beneficio del Mes)::self_link::qty=1::unit=pieza","self","false","","self","inventory_item_6:Empanadas Crudas","20 piezas por servicio","fulfillment","on_hand_only","misma existencia cruda normal","","","","confirmed"
"hbgxqrrybonavaigaetz","2026-07-30 15:32:40","122","EMP_F_OBS","Empanadas Fritas (Beneficio del Mes)","true","product","false","20","false","0","true","true","true","finished_good","pieza","","","0","","self","other","0","0","0","","1","1","0","64::Empanadas Fritas (Beneficio del Mes)::self_link::qty=1::unit=pieza","self","false","","direct","inventory_item_6:Empanadas Crudas","20/full; 10/half","kitchen","on_hand_only","misma fritura normal de Empanadas","","","","confirmed"
"hbgxqrrybonavaigaetz","2026-07-30 15:32:40","124","EMP_PF_OBS","Empanadas Pre-Fritas (Beneficio del Mes)","true","product","false","20","false","0","true","true","true","finished_good","pieza","","","0","","self","other","0","0","0","","1","1","0","66::Empanadas Pre-Fritas (Beneficio del Mes)::self_link::qty=1::unit=pieza","self","false","","self","inventory_item_14:Empanadas Pre-Fritas","1 servicio prefrito","fulfillment","on_hand_only","mismo prefrito normal","240","","","confirmed"
"hbgxqrrybonavaigaetz","2026-07-30 15:32:40","46","FRESC_1500","Frescolita 1,5 Lts","true","product","false","0","false","0","false","true","true","finished_good","pieza","","","0","","self","other","0","0","0","","1","1","0","42::Frescolita 1,5 Lts::self_link::qty=1::unit=pieza","self","false","","self","inventory_item_42:Frescolita 1,5 Lts","1 pieza","fulfillment","on_hand_only","bebida terminada contada individualmente","","10","Umbral inicial configurable por ítem; presentaciones mayoristas o promocionales comparten stock.","confirmed"
"hbgxqrrybonavaigaetz","2026-07-30 15:32:40","47","FRESC_2000","Frescolita 2 Lts","true","product","false","0","false","0","false","true","true","finished_good","pieza","","","0","","self","other","0","0","0","","1","1","0","43::Frescolita 2 Lts::self_link::qty=1::unit=pieza","self","false","","self","inventory_item_43:Frescolita 2 Lts","1 pieza","fulfillment","on_hand_only","bebida terminada contada individualmente","","10","Umbral inicial configurable por ítem; presentaciones mayoristas o promocionales comparten stock.","confirmed"
"hbgxqrrybonavaigaetz","2026-07-30 15:32:40","50","JDV_1500","Jugo del Valle 1,5 Lts","true","product","false","0","false","0","false","true","true","finished_good","pieza","","","0","","self","other","0","0","0","","1","1","0","46::Jugo del Valle 1,5 Lts::self_link::qty=1::unit=pieza","self","false","","self","inventory_item_46:Jugo del Valle 1,5 Lts","1 pieza","fulfillment","on_hand_only","bebida terminada contada individualmente","","10","Umbral inicial configurable por ítem; presentaciones mayoristas o promocionales comparten stock.","confirmed"
"hbgxqrrybonavaigaetz","2026-07-30 15:32:40","38","LIP_DUR_1500","Lipton Durazno 1,5 Lts","true","product","false","0","false","0","false","true","true","finished_good","pieza","","","0","","self","other","0","0","0","","1","1","0","34::Lipton Durazno 1,5 Lts::self_link::qty=1::unit=pieza","self","false","","self","inventory_item_34:Lipton Durazno 1,5 Lts","1 pieza","fulfillment","on_hand_only","bebida terminada contada individualmente","","10","Umbral inicial configurable por ítem; presentaciones mayoristas o promocionales comparten stock.","confirmed"
"hbgxqrrybonavaigaetz","2026-07-30 15:32:40","39","LIP_LIM_1500","Lipton Limón 1,5 Lts","true","product","false","0","false","0","false","true","true","finished_good","pieza","","","0","","self","other","0","0","0","","1","1","0","35::Lipton Limón 1,5 Lts::self_link::qty=1::unit=pieza","self","false","","self","inventory_item_35:Lipton Limón 1,5 Lts","1 pieza","fulfillment","on_hand_only","bebida terminada contada individualmente","","10","Umbral inicial configurable por ítem; presentaciones mayoristas o promocionales comparten stock.","confirmed"
"hbgxqrrybonavaigaetz","2026-07-30 15:32:40","34","MALTA_LAT","Malta Lata","true","product","false","0","false","0","false","true","true","finished_good","pieza","","","0","","self","other","0","0","0","","1","1","0","30::Malta Lata::self_link::qty=1::unit=pieza","self","false","","self","inventory_item_30:Malta Lata","1 pieza","fulfillment","on_hand_only","bebida terminada contada individualmente","","10","Umbral inicial configurable por ítem; presentaciones mayoristas o promocionales comparten stock.","confirmed"
"hbgxqrrybonavaigaetz","2026-07-30 15:32:40","115","MAND_CRUDO_OBS","Mandocas Crudas (Beneficio del Mes)","true","product","false","25","false","0","true","true","true","finished_good","pieza","","","0","","self","other","0","0","0","","1","1","0","58::Mandocas Crudas (Beneficio del Mes)::self_link::qty=1::unit=pieza","self","false","","self","inventory_item_5:Mandocas Crudas","25 piezas por servicio","fulfillment","on_hand_only","misma existencia cruda normal","","","","confirmed"
"hbgxqrrybonavaigaetz","2026-07-30 15:32:40","113","MAND_F_OBS","Mandocas Fritas (Beneficio del Mes)","true","product","false","25","false","0","true","false","false","finished_good","pieza","","","0","","self","other","0","0","0","","0","0","0","","unconfigured","true","no_inventory_resolution | inventory_enabled_false_requires_explicit_policy","direct","inventory_item_5:Mandocas Crudas","25/full; 12/half","kitchen","on_hand_only","misma fritura normal de Mandocas","","","","confirmed"
"hbgxqrrybonavaigaetz","2026-07-30 15:32:40","114","MAND_PF_OBS","Mandocas Pre-Fritas (Beneficio del Mes)","true","product","false","25","false","0","true","true","true","finished_good","pieza","","","0","","self","other","0","0","0","","1","1","0","57::Mandocas Pre-Fritas (Beneficio del Mes)::self_link::qty=1::unit=pieza","self","false","","self","inventory_item_16:Mandocas Pre-Fritas","1 servicio prefrito","fulfillment","on_hand_only","mismo prefrito normal","240","","","confirmed"
"hbgxqrrybonavaigaetz","2026-07-30 15:32:40","111","MINITEQ_CRUDO_OBS","Mini Tequeños Crudos (Beneficio del Mes)","true","product","false","25","false","0","true","false","false","finished_good","pieza","","","0","","self","other","0","0","0","","0","0","0","","unconfigured","true","no_inventory_resolution | inventory_enabled_false_requires_explicit_policy","self","inventory_item_1:Mini tequeño crudo","25 piezas por servicio","fulfillment","on_hand_only","misma existencia cruda normal","","","Promoción: resuelve al ítem crudo canónico 1.","confirmed"
"hbgxqrrybonavaigaetz","2026-07-30 15:32:40","110","MINI_OBS","Mini Tequeños Fritos (Beneficio del Mes)","true","product","false","25","false","0","true","true","true","finished_good","pieza","","","0","","self","other","0","0","0","","1","1","0","56::Mini Tequeños Fritos (Beneficio del Mes)::self_link::qty=1::unit=pieza","self","false","","direct","inventory_item_1:Mini tequeño crudo","25/full; 12/half","kitchen","on_hand_only","misma fritura normal de mini tequeños","","","Promoción: consume el mismo crudo canónico que Mini Tequeños Fritos.","confirmed"
"hbgxqrrybonavaigaetz","2026-07-30 15:32:40","112","MINITEQ_PF_OBS","Mini Tequeños Pre-Fritos (Beneficio del Mes)","true","product","false","25","false","0","true","false","false","finished_good","pieza","","","0","","self","other","0","0","0","","0","0","0","","unconfigured","true","no_inventory_resolution | inventory_enabled_false_requires_explicit_policy","self","inventory_item_2:Mini tequeño prefrito","1 servicio prefrito","fulfillment","on_hand_only","mismo prefrito normal","240","","Promoción: consume el servicio prefrito canónico 2.","confirmed"
"hbgxqrrybonavaigaetz","2026-07-30 15:32:40","135","PACK_COLEGIO","Pack para Colegios","true","product","false","0","false","1000","false","true","true","finished_good","pieza","","","0","","self","other","0","0","0","","1","1","0","70::Pack para Colegios::self_link::qty=1::unit=pieza","self","false","","components","evento personalizado: cantidades abiertas de piezas, salsa y adicionales","cantidades enteras sin límite fijo canónico","by_component","scheduled_component_projection","snapshot físico del evento y conciliación de retorno","","","Unificar Pack para Eventos y Pack para Colegios; eliminar el autoenlace y el límite fijo heredado; agregar componentes faltantes y servicios none.","confirmed_requires_reconfiguration"
"hbgxqrrybonavaigaetz","2026-07-30 15:32:40","105","PACK_EVENTO","Pack para Eventos","true","product","false","0","true","110","false","true","true","finished_good","pieza","","","0","","composition","other","4","4","4","5::Mini Tequeños Fritos::selectable::qty=1.000::required=t | 8::Empanadas Fritas::selectable::qty=1.000::required=t | 11::Cachitas Fritas::selectable::qty=1.000::required=t | 17::Bombys Fritos::selectable::qty=1.000::required=t","0","0","0","","components","false","","components","evento personalizado: cantidades abiertas de piezas, salsa y adicionales","cantidades enteras sin límite fijo canónico","by_component","scheduled_component_projection","snapshot físico del evento y conciliación de retorno","","","Unificar Pack para Eventos y Pack para Colegios; eliminar el autoenlace y el límite fijo heredado; agregar componentes faltantes y servicios none.","confirmed_requires_reconfiguration"
"hbgxqrrybonavaigaetz","2026-07-30 15:32:40","31","PEPSI_1000","Pepsi 1 Lt","true","product","false","0","false","0","false","true","true","finished_good","pieza","","","0","","self","other","0","0","0","","1","1","0","29::Pepsi 1 Lt::self_link::qty=1::unit=pieza","self","false","","self","inventory_item_29:Pepsi 1 Lt","1 pieza","fulfillment","on_hand_only","bebida terminada contada individualmente","","10","Umbral inicial configurable por ítem; presentaciones mayoristas o promocionales comparten stock.","confirmed"
"hbgxqrrybonavaigaetz","2026-07-30 15:32:40","30","PEPSI_1500","Pepsi 1,5 Lts","true","product","false","0","false","0","false","true","true","finished_good","pieza","","","0","","self","other","0","0","0","","1","1","0","26::Pepsi 1,5 Lts::self_link::qty=1::unit=pieza","self","false","","self","inventory_item_26:Pepsi 1,5 Lts","1 pieza","fulfillment","on_hand_only","bebida terminada contada individualmente","","10","Umbral inicial configurable por ítem; presentaciones mayoristas o promocionales comparten stock.","confirmed"
"hbgxqrrybonavaigaetz","2026-07-30 15:32:40","32","PEPSI_2000","Pepsi 2 Lts","true","product","false","0","false","0","false","true","true","finished_good","pieza","","","0","","self","other","0","0","0","","1","1","0","28::Pepsi 2 Lts::self_link::qty=1::unit=pieza","self","false","","self","inventory_item_28:Pepsi 2 Lts","1 pieza","fulfillment","on_hand_only","bebida terminada contada individualmente","","10","Umbral inicial configurable por ítem; presentaciones mayoristas o promocionales comparten stock.","confirmed"
"hbgxqrrybonavaigaetz","2026-07-30 15:32:40","33","PEPSI_LAT","Pepsi Lata","true","product","false","0","false","0","false","true","true","finished_good","pieza","","","0","","self","other","0","0","0","","1","1","0","27::Pepsi Lata::self_link::qty=1::unit=pieza","self","false","","self","inventory_item_27:Pepsi Lata","1 pieza","fulfillment","on_hand_only","bebida terminada contada individualmente","","10","Umbral inicial configurable por ítem; presentaciones mayoristas o promocionales comparten stock.","confirmed"
"hbgxqrrybonavaigaetz","2026-07-30 15:32:40","2","SAL_TAR_1OZ","Salsa Tártara 1oz","true","product","false","0","false","0","true","true","true","finished_good","pieza","","","0","","self","other","0","0","0","","1","1","0","9::Salsa Tártara 1oz::self_link::qty=1::unit=pieza","self","false","","self","inventory_item_9:Salsa Tártara 1oz","1 porción","fulfillment","immediate_recipe","porcionamiento desde tártara preparada","","","","confirmed"
"hbgxqrrybonavaigaetz","2026-07-30 15:32:40","23","SAL_TAR_2OZ","Salsa Tártara 2oz","true","product","false","0","false","0","false","true","true","finished_good","pieza","","","0","","self","other","0","0","0","","1","1","0","21::Salsa Tártara 2oz::self_link::qty=1::unit=pieza","self","false","","self","inventory_item_21:Salsa Tártara 2oz","1 porción","fulfillment","immediate_recipe","porcionamiento desde tártara preparada","","","","confirmed"
"hbgxqrrybonavaigaetz","2026-07-30 15:32:40","24","SAL_TAR_5OZ","Salsa Tártara 5oz","true","product","false","0","false","0","false","true","true","finished_good","pieza","","","0","","self","other","0","0","0","","0","0","0","","unconfigured","true","no_inventory_resolution","self","inventory_item_8:Salsa Tártara 5oz","1 porción","fulfillment","immediate_recipe","porcionamiento desde tártara preparada","","","La versión obsequio comparte exactamente el ítem físico normal.","confirmed"
"hbgxqrrybonavaigaetz","2026-07-30 15:32:40","146","SAL_TAR_5OZ_OBS","Salsa Tártara 5oz Obsequio","true","product","false","0","false","0","false","true","true","finished_good","pieza","","","0","","self","other","0","0","0","","1","1","0","71::Salsa Tártara 5oz Obsequio::self_link::qty=1::unit=pieza","self","false","","self","inventory_item_8:Salsa Tártara 5oz","1 porción","fulfillment","immediate_recipe","porcionamiento desde tártara preparada","","","La versión obsequio comparte exactamente el ítem físico normal.","confirmed"
"hbgxqrrybonavaigaetz","2026-07-30 15:32:40","131","SAL_TAR_GALON","Salsa Tártara Galón","true","product","false","0","false","0","false","true","true","finished_good","pieza","","","0","","self","other","0","0","0","","1","1","0","68::Salsa Tártara Galón::self_link::qty=1::unit=pieza","self","false","","self","inventory_item_68:Salsa Tártara Galón","1 recipiente galón","fulfillment","immediate_recipe","preparación real desde mayonesa y menjurje","","","","confirmed"
"hbgxqrrybonavaigaetz","2026-07-30 15:32:40","35","YUK_MAN_1500","Yukery Manzana 1,5 Lts","true","product","false","0","false","0","false","true","true","finished_good","pieza","","","0","","self","other","0","0","0","","1","1","0","31::Yukery Manzana 1,5 Lts::self_link::qty=1::unit=pieza","self","false","","self","inventory_item_31:Yukery Manzana 1,5 Lts","1 pieza","fulfillment","on_hand_only","bebida terminada contada individualmente","","10","Umbral inicial configurable por ítem; presentaciones mayoristas o promocionales comparten stock.","confirmed"
"hbgxqrrybonavaigaetz","2026-07-30 15:32:40","36","YUK_NAR_1500","Yukery Naranja 1,5 Lts","true","product","false","0","false","0","false","true","true","finished_good","pieza","","","0","","self","other","0","0","0","","1","1","0","32::Yukery Naranja 1,5 Lts::self_link::qty=1::unit=pieza","self","false","","self","inventory_item_32:Yukery Naranja 1,5 Lts","1 pieza","fulfillment","on_hand_only","bebida terminada contada individualmente","","10","Umbral inicial configurable por ítem; presentaciones mayoristas o promocionales comparten stock.","confirmed"
"hbgxqrrybonavaigaetz","2026-07-30 15:32:40","37","YUK_PER_1500","Yukery Pera 1,5 Lts","true","product","false","0","false","0","false","true","true","finished_good","pieza","","","0","","self","other","0","0","0","","1","1","0","33::Yukery Pera 1,5 Lts::self_link::qty=1::unit=pieza","self","false","","self","inventory_item_33:Yukery Pera 1,5 Lts","1 pieza","fulfillment","on_hand_only","bebida terminada contada individualmente","","10","Umbral inicial configurable por ítem; presentaciones mayoristas o promocionales comparten stock.","confirmed"
"hbgxqrrybonavaigaetz","2026-07-30 15:32:40","154","YUKYPACK","Yukypack","true","product","false","0","false","0","false","true","true","finished_good","pieza","","","0","","self","other","0","0","0","","1","1","0","75::Yukypack::self_link::qty=1::unit=pieza","self","false","","self","inventory_item_75:Yukipack","1 pieza","fulfillment","on_hand_only","jugo individual Yukipack 250 cm³; caja=24","","10","Yukipack confirmado como jugo individual de 250 cm³. Se recibe en cajas de 24 o unidades sueltas, se cuenta por pieza y el ítem 73 se migra al ítem físico canónico 75.","confirmed"
"hbgxqrrybonavaigaetz","2026-07-30 15:32:40","19","BOMB_C_25","Bombys Crudos","true","service","false","25","false","0","true","true","true","finished_good","pieza","","","0","","self","other","0","0","0","","1","1","0","19::Bombys Crudos::self_link::qty=1::unit=pieza","self","false","","self","inventory_item_19:Bombys Crudos","25 piezas por servicio","fulfillment","on_hand_only","venta cruda mayorista; existencia compartida con fritos y prefritos","","","Producto crudo vendible a clientes mayoristas. Descuenta 25 piezas del ítem 19, compartido con fritos y prefritos; no crea saldo mayorista separado.","confirmed"
"hbgxqrrybonavaigaetz","2026-07-30 15:32:40","17","BOMB_F_25","Bombys Fritos","true","service","false","25","false","0","true","true","true","finished_good","pieza","","","0","","composition","other","0","0","0","","1","0","1","19::Bombys Crudos::recipe::qty=25::unit=pieza","direct","false","","direct","inventory_item_19:Bombys Crudos","25/full; 12/half","kitchen","on_hand_only","fritura directa desde crudo","","","","confirmed"
"hbgxqrrybonavaigaetz","2026-07-30 15:32:40","18","BOMB_PF_25","Bombys Pre-Fritos","true","service","false","25","false","0","true","true","true","finished_good","pieza","","","0","","self","other","0","0","0","","1","1","0","17::Bombys Pre-Fritos::self_link::qty=1::unit=pieza","self","false","","self","inventory_item_17:Bombys Pre-Fritos","1 servicio prefrito de 25 piezas","fulfillment","on_hand_only","receta 25 crudos -> 1 servicio prefrito","240","","Venta de 1 servicio prefrito almacenado. Objetivo orientativo 10 servicios; no reserva crudo ni obliga a reponer. Preparación 240 minutos, vida útil de referencia 90 días y sin medio servicio.","confirmed"
"hbgxqrrybonavaigaetz","2026-07-30 15:32:40","13","CACH_C_20","Cachitas Crudas","true","service","false","20","false","0","true","true","true","finished_good","pieza","Bolsas","150","8","3","self","other","0","0","0","","1","1","0","13::Cachitas Crudas::self_link::qty=1::unit=pieza","self","false","","self","inventory_item_13:Cachitas Crudas","20 piezas por servicio","fulfillment","on_hand_only","venta cruda mayorista; existencia compartida con fritos y prefritos","","","Producto crudo vendible a clientes mayoristas. Descuenta 20 piezas del ítem 13, compartido con fritos y prefritos; no crea saldo mayorista separado.","confirmed"
"hbgxqrrybonavaigaetz","2026-07-30 15:32:40","11","CACH_F_20","Cachitas Fritas","true","service","false","20","false","0","true","true","true","finished_good","pieza","","","0","","composition","other","0","0","0","","1","0","1","13::Cachitas Crudas::recipe::qty=20::unit=pieza","direct","false","","direct","inventory_item_13:Cachitas Crudas","20/full; 10/half","kitchen","on_hand_only","fritura directa desde crudo","","","","confirmed"
"hbgxqrrybonavaigaetz","2026-07-30 15:32:40","12","CACH_PF_20","Cachitas Pre-Fritas","true","service","false","20","false","0","true","true","true","finished_good","pieza","","","0","","self","other","0","0","0","","1","1","0","15::Cachitas Pre-Fritas::self_link::qty=1::unit=pieza","self","false","","self","inventory_item_15:Cachitas Pre-Fritas","1 servicio prefrito de 20 piezas","fulfillment","on_hand_only","receta 20 crudos -> 1 servicio prefrito","240","","Venta de 1 servicio prefrito almacenado. Objetivo orientativo 10 servicios; no reserva crudo ni obliga a reponer. Preparación 240 minutos, vida útil de referencia 90 días y sin medio servicio.","confirmed"
"hbgxqrrybonavaigaetz","2026-07-30 15:32:40","4","DONDY_6","Dondys","true","service","false","6","false","0","true","true","true","finished_good","pieza","","","0","","composition","other","0","0","0","","1","0","1","47::Dondys::recipe::qty=6::unit=pieza","direct","false","","direct","inventory_item_47:Dondys crudos","6 piezas","kitchen","on_hand_only","fritura directa desde Dondy crudo","","","","confirmed"
"hbgxqrrybonavaigaetz","2026-07-30 15:32:40","10","EMP_C_20","Empanadas Crudas","true","service","false","20","false","0","true","true","true","finished_good","pieza","Bolsa","150","8","2","self","other","0","0","0","","1","1","0","6::Empanadas Crudas::self_link::qty=1::unit=pieza","self","false","","self","inventory_item_6:Empanadas Crudas","20 piezas por servicio","fulfillment","on_hand_only","venta cruda mayorista; existencia compartida con fritos y prefritos","","","Producto crudo vendible a clientes mayoristas. Descuenta 20 piezas del ítem 6, compartido con fritos y prefritos; no crea saldo mayorista separado.","confirmed"
"hbgxqrrybonavaigaetz","2026-07-30 15:32:40","8","EMP_F_20","Empanadas Fritas","true","service","false","20","false","0","true","true","true","finished_good","pieza","","","0","","composition","other","0","0","0","","1","0","1","6::Empanadas Crudas::recipe::qty=20::unit=pieza","direct","false","","direct","inventory_item_6:Empanadas Crudas","20/full; 10/half","kitchen","on_hand_only","fritura directa desde crudo","","","","confirmed"
"hbgxqrrybonavaigaetz","2026-07-30 15:32:40","9","EMP_PF_20","Empanadas Pre-Fritas","true","service","false","20","false","0","true","true","true","finished_good","pieza","","","0","","self","other","0","0","0","","1","1","0","14::Empanadas Pre-Fritas::self_link::qty=1::unit=pieza","self","false","","self","inventory_item_14:Empanadas Pre-Fritas","1 servicio prefrito de 20 piezas","fulfillment","on_hand_only","receta 20 crudos -> 1 servicio prefrito","240","","Venta de 1 servicio prefrito almacenado. Objetivo orientativo 10 servicios; no reserva crudo ni obliga a reponer. Preparación 240 minutos, vida útil de referencia 90 días y sin medio servicio.","confirmed"
"hbgxqrrybonavaigaetz","2026-07-30 15:32:40","16","MAND_C_25","Mandocas Crudas","true","service","false","25","false","0","true","true","true","finished_good","pieza","bolsas","100","0","","self","other","0","0","0","","1","1","0","5::Mandocas Crudas::self_link::qty=1::unit=pieza","self","false","","self","inventory_item_5:Mandocas Crudas","25 piezas por servicio","fulfillment","on_hand_only","venta cruda mayorista; existencia compartida con fritos y prefritos","","","Producto crudo vendible a clientes mayoristas. Descuenta 25 piezas del ítem 5, compartido con fritos y prefritos; no crea saldo mayorista separado.","confirmed"
"hbgxqrrybonavaigaetz","2026-07-30 15:32:40","14","MAND_F_25","Mandocas Fritas","true","service","false","25","false","0","true","true","true","finished_good","pieza","","","0","","composition","other","0","0","0","","1","0","1","5::Mandocas Crudas::recipe::qty=25::unit=pieza","direct","false","","direct","inventory_item_5:Mandocas Crudas","25/full; 12/half","kitchen","on_hand_only","fritura directa desde crudo","","","","confirmed"
"hbgxqrrybonavaigaetz","2026-07-30 15:32:40","15","MAND_PF_25","Mandocas Pre-Fritas","true","service","false","25","false","0","true","true","true","finished_good","pieza","","","0","","self","other","0","0","0","","1","1","0","16::Mandocas Pre-Fritas::self_link::qty=1::unit=pieza","self","false","","self","inventory_item_16:Mandocas Pre-Fritas","1 servicio prefrito de 25 piezas","fulfillment","on_hand_only","receta 25 crudos -> 1 servicio prefrito","240","","Venta de 1 servicio prefrito almacenado. Objetivo orientativo 10 servicios; no reserva crudo ni obliga a reponer. Preparación 240 minutos, vida útil de referencia 90 días y sin medio servicio.","confirmed"
"hbgxqrrybonavaigaetz","2026-07-30 15:32:40","7","MINI_TEQ_C_25","Mini Tequeños Crudos","true","service","false","25","false","0","true","true","true","finished_good","pieza","Bolsa","200","10","2","self","other","0","0","0","","1","1","0","12::Mini Tequeños Crudos::self_link::qty=1::unit=pieza","self","false","","self","inventory_item_1:Mini tequeño crudo","25 piezas por servicio","fulfillment","on_hand_only","venta cruda mayorista; existencia compartida con fritos y prefritos","","","Producto crudo vendible a clientes mayoristas. Descuenta 25 piezas del ítem canónico 1, compartido con fritos y prefritos; no crea saldo mayorista separado.","confirmed"
"hbgxqrrybonavaigaetz","2026-07-30 15:32:40","5","MINI_TEQ_F_25","Mini Tequeños Fritos","true","service","false","25","false","0","true","true","true","finished_good","pieza","Bolsa","200","10","3","composition","other","0","0","0","","1","0","1","1::Mini tequeño crudo::recipe::qty=25::unit=pieza","direct","false","","direct","inventory_item_1:Mini tequeño crudo","25/full; 12/half","kitchen","on_hand_only","fritura directa desde crudo","","","Fritura normal: consume 25 crudos por servicio o 12 por medio servicio; no consume prefrito.","confirmed"
"hbgxqrrybonavaigaetz","2026-07-30 15:32:40","6","MINI_TEQ_PF_25","Mini Tequeños Pre-Fritos","true","service","false","25","false","0","true","true","true","finished_good","pieza","","","0","","self","other","0","0","0","","1","1","0","11::Mini Tequeños Pre-Fritos::self_link::qty=1::unit=pieza","self","false","","self","inventory_item_2:Mini tequeño prefrito","1 servicio prefrito de 25 piezas","fulfillment","on_hand_only","receta 25 crudos -> 1 servicio prefrito","240","","Venta de 1 servicio prefrito almacenado. Objetivo orientativo 10 servicios; no reserva crudo ni obliga a reponer. Preparación 240 minutos, vida útil de referencia 90 días y sin medio servicio.","confirmed"
"hbgxqrrybonavaigaetz","2026-07-30 15:32:40","60","MIX_BOMB_MAND_F_24","Mixto Bombys + Mandocas Frito","true","service","false","24","false","0","false","true","true","finished_good","pieza","","","0","","composition","other","2","2","0","17::Bombys Fritos::fixed::qty=12.000::required=t | 14::Mandocas Fritas::fixed::qty=12.000::required=t","2","0","2","19::Bombys Crudos::recipe::qty=12::unit=pieza | 5::Mandocas Crudas::recipe::qty=12::unit=pieza","review_ambiguous","true","components_and_active_inventory_links","direct","bombys_raw x12 | mandocas_raw x12","cantidades fijas por servicio completo","kitchen","on_hand_only","composición física directa confirmada","","","No admite medio servicio. product_components queda descriptivo y no genera una segunda deducción.","confirmed"
"hbgxqrrybonavaigaetz","2026-07-30 15:32:40","56","MIX_CACH_BOMB_F_22","Mixto Cachitas + Bombys Frito","true","service","false","22","false","0","false","true","true","finished_good","pieza","","","0","","composition","other","2","2","0","11::Cachitas Fritas::fixed::qty=10.000::required=t | 17::Bombys Fritos::fixed::qty=12.000::required=t","2","0","2","13::Cachitas Crudas::recipe::qty=10::unit=pieza | 19::Bombys Crudos::recipe::qty=12::unit=pieza","review_ambiguous","true","components_and_active_inventory_links","direct","cachitas_raw x10 | bombys_raw x12","cantidades fijas por servicio completo","kitchen","on_hand_only","composición física directa confirmada","","","No admite medio servicio. product_components queda descriptivo y no genera una segunda deducción.","confirmed"
"hbgxqrrybonavaigaetz","2026-07-30 15:32:40","55","MIX_CACH_EMP_F_20","Mixto Cachitas + Empanadas Frito","true","service","false","20","false","0","false","true","true","finished_good","pieza","","","0","","composition","other","2","2","0","11::Cachitas Fritas::fixed::qty=10.000::required=t | 8::Empanadas Fritas::fixed::qty=10.000::required=t","2","0","2","13::Cachitas Crudas::recipe::qty=10::unit=pieza | 6::Empanadas Crudas::recipe::qty=10::unit=pieza","review_ambiguous","true","components_and_active_inventory_links","direct","cachitas_raw x10 | empanadas_raw x10","cantidades fijas por servicio completo","kitchen","on_hand_only","composición física directa confirmada","","","No admite medio servicio. product_components queda descriptivo y no genera una segunda deducción.","confirmed"
"hbgxqrrybonavaigaetz","2026-07-30 15:32:40","57","MIX_CACH_MAND_F_22","Mixto Cachitas + Mandocas Frito","true","service","false","22","false","0","false","true","true","finished_good","pieza","","","0","","composition","other","2","2","0","11::Cachitas Fritas::fixed::qty=10.000::required=t | 14::Mandocas Fritas::fixed::qty=12.000::required=t","2","0","2","13::Cachitas Crudas::recipe::qty=10::unit=pieza | 5::Mandocas Crudas::recipe::qty=12::unit=pieza","review_ambiguous","true","components_and_active_inventory_links","direct","cachitas_raw x10 | mandocas_raw x12","cantidades fijas por servicio completo","kitchen","on_hand_only","composición física directa confirmada","","","No admite medio servicio. product_components queda descriptivo y no genera una segunda deducción.","confirmed"
"hbgxqrrybonavaigaetz","2026-07-30 15:32:40","58","MIX_EMP_BOMB_F_22","Mixto Empanadas + Bombys Frito","true","service","false","22","false","0","false","true","true","finished_good","pieza","","","0","","composition","other","2","2","0","8::Empanadas Fritas::fixed::qty=10.000::required=t | 17::Bombys Fritos::fixed::qty=12.000::required=t","2","0","2","6::Empanadas Crudas::recipe::qty=10::unit=pieza | 19::Bombys Crudos::recipe::qty=12::unit=pieza","review_ambiguous","true","components_and_active_inventory_links","direct","empanadas_raw x10 | bombys_raw x12","cantidades fijas por servicio completo","kitchen","on_hand_only","composición física directa confirmada","","","No admite medio servicio. product_components queda descriptivo y no genera una segunda deducción.","confirmed"
"hbgxqrrybonavaigaetz","2026-07-30 15:32:40","59","MIX_EMP_MAND_F_22","Mixto Empanadas + Mandocas Frito","true","service","false","22","false","0","false","true","true","finished_good","pieza","","","0","","composition","other","2","2","0","8::Empanadas Fritas::fixed::qty=10.000::required=t | 14::Mandocas Fritas::fixed::qty=12.000::required=t","2","0","2","6::Empanadas Crudas::recipe::qty=10::unit=pieza | 5::Mandocas Crudas::recipe::qty=12::unit=pieza","review_ambiguous","true","components_and_active_inventory_links","direct","empanadas_raw x10 | mandocas_raw x12","cantidades fijas por servicio completo","kitchen","on_hand_only","composición física directa confirmada","","","No admite medio servicio. product_components queda descriptivo y no genera una segunda deducción.","confirmed"
"hbgxqrrybonavaigaetz","2026-07-30 15:32:40","53","MIX_MTEQ_BOMB_F_24","Mixto Mini Tequeños + Bombys Frito","true","service","false","24","false","0","false","true","true","finished_good","pieza","","","0","","composition","other","2","2","0","5::Mini Tequeños Fritos::fixed::qty=12.000::required=t | 17::Bombys Fritos::fixed::qty=12.000::required=t","2","0","2","1::Mini tequeño crudo::recipe::qty=12::unit=pieza | 19::Bombys Crudos::recipe::qty=12::unit=pieza","review_ambiguous","true","components_and_active_inventory_links","direct","mini_tequenos_raw x12 | bombys_raw x12","cantidades fijas por servicio completo","kitchen","on_hand_only","composición física directa confirmada","","","No admite medio servicio. product_components queda descriptivo y no genera una segunda deducción.","confirmed"
"hbgxqrrybonavaigaetz","2026-07-30 15:32:40","52","MIX_MTEQ_CACH_F_22","Mixto Mini Tequeños + Cachitas Frito","true","service","false","22","false","0","false","true","true","finished_good","pieza","","","0","","composition","other","2","2","0","5::Mini Tequeños Fritos::fixed::qty=12.000::required=t | 11::Cachitas Fritas::fixed::qty=10.000::required=t","2","0","2","12::Mini Tequeños Crudos::recipe::qty=12::unit=pieza | 13::Cachitas Crudas::recipe::qty=10::unit=pieza","review_ambiguous","true","components_and_active_inventory_links","direct","mini_tequenos_raw x12 | cachitas_raw x10","cantidades fijas por servicio completo","kitchen","on_hand_only","composición física directa confirmada","","","No admite medio servicio. product_components queda descriptivo y no genera una segunda deducción.","confirmed"
"hbgxqrrybonavaigaetz","2026-07-30 15:32:40","51","MIX_MTEQ_EMP_F_22","Mixto Mini Tequeños + Empanadas Frito","true","service","false","22","false","0","false","true","true","finished_good","pieza","","","0","","composition","other","2","2","0","5::Mini Tequeños Fritos::fixed::qty=12.000::required=t | 8::Empanadas Fritas::fixed::qty=10.000::required=t","2","0","2","1::Mini tequeño crudo::recipe::qty=12::unit=pieza | 6::Empanadas Crudas::recipe::qty=10::unit=pieza","review_ambiguous","true","components_and_active_inventory_links","direct","mini_tequenos_raw x12 | empanadas_raw x10","cantidades fijas por servicio completo","kitchen","on_hand_only","composición física directa confirmada","","","No admite medio servicio. product_components queda descriptivo y no genera una segunda deducción.","confirmed"
"hbgxqrrybonavaigaetz","2026-07-30 15:32:40","54","MIX_MTEQ_MAND_F_24","Mixto Mini Tequeños + Mandocas Frito","true","service","false","24","false","0","false","true","true","finished_good","pieza","","","0","","composition","other","2","2","0","5::Mini Tequeños Fritos::fixed::qty=12.000::required=t | 14::Mandocas Fritas::fixed::qty=12.000::required=t","2","0","2","1::Mini tequeño crudo::recipe::qty=12::unit=pieza | 5::Mandocas Crudas::recipe::qty=12::unit=pieza","review_ambiguous","true","components_and_active_inventory_links","direct","mini_tequenos_raw x12 | mandocas_raw x12","cantidades fijas por servicio completo","kitchen","on_hand_only","composición física directa confirmada","","","No admite medio servicio. product_components queda descriptivo y no genera una segunda deducción.","confirmed"
"hbgxqrrybonavaigaetz","2026-07-30 15:32:40","22","TEQREG_C_5","Tequeños Regulares Crudos","true","service","false","5","false","0","false","true","true","finished_good","pieza","","","0","","self","other","0","0","0","","1","1","0","20::Tequeños Regulares Crudos::self_link::qty=1::unit=pieza","self","false","","self","inventory_item_20:Tequeños Regulares Crudos","5 piezas por servicio","fulfillment","on_hand_only","venta cruda mayorista; existencia compartida con fritos y prefritos","","","Producto crudo vendible a clientes mayoristas. Descuenta 5 piezas del ítem 20, compartido con fritos y prefritos; no crea saldo mayorista separado.","confirmed"
"hbgxqrrybonavaigaetz","2026-07-30 15:32:40","20","TEQREG_F_5","Tequeños Regulares Fritos","true","service","false","5","false","0","false","true","true","finished_good","pieza","","","0","","composition","other","0","0","0","","1","0","1","20::Tequeños Regulares Crudos::recipe::qty=1::unit=pieza","direct","false","","direct","inventory_item_20:Tequeños Regulares Crudos","5/full; half_not_allowed","kitchen","on_hand_only","fritura directa desde crudo","","","El enlace heredado de 1 pieza no representa el servicio canónico de 5.","confirmed"
"hbgxqrrybonavaigaetz","2026-07-30 15:32:40","21","TEQREG_PF_5","Tequeños Regulares Pre-Fritos","true","service","false","5","false","0","false","true","true","finished_good","pieza","","","0","","self","other","0","0","0","","1","1","0","18::Tequeños Regulares Pre-Fritos::self_link::qty=1::unit=pieza","self","false","","self","inventory_item_18:Tequeños Regulares Pre-Fritos","1 servicio prefrito de 5 piezas","fulfillment","scheduled_recipe","receta bajo demanda 5 crudos -> 1 servicio prefrito","240","","Venta de 1 servicio prefrito de 5 piezas, solo bajo demanda. Objetivo 0, anticipación 240 minutos, vida útil de referencia 90 días y sin medio servicio. El asesor puede agendar; el Master decide.","confirmed"
"hbgxqrrybonavaigaetz","2026-07-30 15:32:40","155","VIVOBOX_XL_8-COPY","Vivo Box XL (8 und) Obsequio","false","combo","false","0","true","8","false","true","true","finished_good","pieza","","","0","","composition","other","7","7","5","23::Salsa Tártara 2oz::fixed::qty=1.000::required=t | 89::Dondy (1 und)::fixed::qty=1.000::required=t | 5::Mini Tequeños Fritos::selectable::qty=1.000::required=t | 8::Empanadas Fritas::selectable::qty=1.000::required=t | 11::Cachitas Fritas::selectable::qty=1.000::required=t | 14::Mandocas Fritas::selectable::qty=1.000::required=t | 17::Bombys Fritos::selectable::qty=1.000::required=t","0","0","0","","components","true","product_type_is_combo_mismatch","components","selección libre de 8 piezas fritas + 1 Dondy + 1 salsa tártara 2oz","seleccionables=8; fijos fuera del total=2","by_component","component_projection","snapshot de selección y componentes fijos","","","","confirmed"
"hbgxqrrybonavaigaetz","2026-07-30 15:32:40","106","GAMBIT_SERVBOMBY_DESTACADO","Bombys Fritos Beneficio Destacado del mes","false","gambit","false","25","false","0","true","true","true","finished_good","pieza","","","0","","self","other","0","0","0","","1","1","0","54::Bombys Fritos Beneficio Destacado del mes::self_link::qty=1::unit=pieza","self","false","","direct","inventory_item_19:Bombys Crudos","25/full; 12/half","kitchen","on_hand_only","misma fritura normal de Bombys","","","","confirmed"
"hbgxqrrybonavaigaetz","2026-07-30 15:32:40","149","CHIKIMIX_10UND","Chiki Mix (10 und)","false","gambit","false","10","true","10","true","true","true","finished_good","pieza","","","0","","composition","other","6","5","5","2::Salsa Tártara 1oz::fixed::qty=1.000::required=f | 5::Mini Tequeños Fritos::selectable::qty=1.000::required=t | 8::Empanadas Fritas::selectable::qty=1.000::required=t | 11::Cachitas Fritas::selectable::qty=1.000::required=t | 14::Mandocas Fritas::selectable::qty=1.000::required=t | 17::Bombys Fritos::selectable::qty=1.000::required=t","0","0","0","","components","false","","components","selección libre de 10 piezas fritas + salsa tártara 1oz opcional","total seleccionable=10","by_component","component_projection","snapshot de selección real del pedido","","","La salsa solo consume inventario cuando el cliente la solicita.","confirmed"
"hbgxqrrybonavaigaetz","2026-07-30 15:32:40","147","CHIKIMIX_6UND","Chiki Mix (6 und)","false","gambit","false","6","true","6","true","true","true","finished_good","pieza","","","0","","composition","other","6","5","5","2::Salsa Tártara 1oz::fixed::qty=1.000::required=f | 5::Mini Tequeños Fritos::selectable::qty=1.000::required=t | 8::Empanadas Fritas::selectable::qty=1.000::required=t | 11::Cachitas Fritas::selectable::qty=1.000::required=t | 14::Mandocas Fritas::selectable::qty=1.000::required=t | 17::Bombys Fritos::selectable::qty=1.000::required=t","0","0","0","","components","false","","components","selección libre de 6 piezas fritas + salsa tártara 1oz opcional","total seleccionable=6","by_component","component_projection","snapshot de selección real del pedido","","","La salsa solo consume inventario cuando el cliente la solicita.","confirmed"
"hbgxqrrybonavaigaetz","2026-07-30 15:32:40","148","CHIKIMIX_8UND-COPY","Chiki Mix (8 und)","false","gambit","false","8","true","8","true","true","true","finished_good","pieza","","","0","","composition","other","6","5","5","2::Salsa Tártara 1oz::fixed::qty=1.000::required=f | 5::Mini Tequeños Fritos::selectable::qty=1.000::required=t | 8::Empanadas Fritas::selectable::qty=1.000::required=t | 11::Cachitas Fritas::selectable::qty=1.000::required=t | 14::Mandocas Fritas::selectable::qty=1.000::required=t | 17::Bombys Fritos::selectable::qty=1.000::required=t","0","0","0","","components","false","","components","selección libre de 8 piezas fritas + salsa tártara 1oz opcional","total seleccionable=8","by_component","component_projection","snapshot de selección real del pedido","","","La salsa solo consume inventario cuando el cliente la solicita.","confirmed"
"hbgxqrrybonavaigaetz","2026-07-30 15:32:40","139","FREE_DELIV_Z1","Delivery Gratis Zona 1","false","gambit","false","0","false","0","false","false","false","finished_good","pieza","","","0","","self","other","0","0","0","","0","0","0","","unconfigured","true","no_inventory_resolution | inventory_enabled_false_requires_explicit_policy","none","not_applicable","0","none","not_applicable","servicio de delivery sin existencia física","","","Decisión 2026-07-30: línea comercial de delivery; puede formar parte de la orden y no genera requerimiento ni movimiento de inventario. Puede aparecer en una orden, pero no genera movimiento de inventario.","confirmed"
"hbgxqrrybonavaigaetz","2026-07-30 15:32:40","140","FREE_DELIV_Z2","Delivery Gratis Zona 2","false","gambit","false","0","false","0","false","false","false","finished_good","pieza","","","0","","self","other","0","0","0","","0","0","0","","unconfigured","true","no_inventory_resolution | inventory_enabled_false_requires_explicit_policy","none","not_applicable","0","none","not_applicable","servicio de delivery sin existencia física","","","Decisión 2026-07-30: línea comercial de delivery; puede formar parte de la orden y no genera requerimiento ni movimiento de inventario. Puede aparecer en una orden, pero no genera movimiento de inventario.","confirmed"
"hbgxqrrybonavaigaetz","2026-07-30 15:32:40","141","FREE_DELIV_Z3","Delivery Gratis Zona 3","false","gambit","false","0","false","0","false","false","false","finished_good","pieza","","","0","","self","other","0","0","0","","0","0","0","","unconfigured","true","no_inventory_resolution | inventory_enabled_false_requires_explicit_policy","none","not_applicable","0","none","not_applicable","servicio de delivery sin existencia física","","","Decisión 2026-07-30: línea comercial de delivery; puede formar parte de la orden y no genera requerimiento ni movimiento de inventario. Puede aparecer en una orden, pero no genera movimiento de inventario.","confirmed"
"hbgxqrrybonavaigaetz","2026-07-30 15:32:40","84","GAMBIT_DEL_Z1_LC_ENE","Delivery Zona 1 LC. Enero","false","gambit","false","0","false","0","false","false","false","finished_good","pieza","","","0","","self","other","0","0","0","","0","0","0","","unconfigured","true","no_inventory_resolution | inventory_enabled_false_requires_explicit_policy","none","not_applicable","0","none","not_applicable","servicio de delivery sin existencia física","","","Decisión 2026-07-30: línea comercial de delivery; puede formar parte de la orden y no genera requerimiento ni movimiento de inventario. Puede aparecer en una orden, pero no genera movimiento de inventario.","confirmed"
"hbgxqrrybonavaigaetz","2026-07-30 15:32:40","81","GAMBIT_DEL_Z1_NC_FEB","Delivery Zona 1 NC. Febrero","false","gambit","false","0","false","0","false","false","false","finished_good","pieza","","","0","","self","other","0","0","0","","0","0","0","","unconfigured","true","no_inventory_resolution | inventory_enabled_false_requires_explicit_policy","none","not_applicable","0","none","not_applicable","servicio de delivery sin existencia física","","","Decisión 2026-07-30: línea comercial de delivery; puede formar parte de la orden y no genera requerimiento ni movimiento de inventario. Puede aparecer en una orden, pero no genera movimiento de inventario.","confirmed"
"hbgxqrrybonavaigaetz","2026-07-30 15:32:40","85","GAMBIT_DEL_Z2_LC_ENE","Delivery Zona 2 LC. Enero","false","gambit","false","0","false","0","false","false","false","finished_good","pieza","","","0","","self","other","0","0","0","","0","0","0","","unconfigured","true","no_inventory_resolution | inventory_enabled_false_requires_explicit_policy","none","not_applicable","0","none","not_applicable","servicio de delivery sin existencia física","","","Decisión 2026-07-30: línea comercial de delivery; puede formar parte de la orden y no genera requerimiento ni movimiento de inventario. Puede aparecer en una orden, pero no genera movimiento de inventario.","confirmed"
"hbgxqrrybonavaigaetz","2026-07-30 15:32:40","82","GAMBIT_DEL_Z2_NC_FEB","Delivery Zona 2 NC. Febrero","false","gambit","false","0","false","0","false","false","false","finished_good","pieza","","","0","","self","other","0","0","0","","0","0","0","","unconfigured","true","no_inventory_resolution | inventory_enabled_false_requires_explicit_policy","none","not_applicable","0","none","not_applicable","servicio de delivery sin existencia física","","","Decisión 2026-07-30: línea comercial de delivery; puede formar parte de la orden y no genera requerimiento ni movimiento de inventario. Puede aparecer en una orden, pero no genera movimiento de inventario.","confirmed"
"hbgxqrrybonavaigaetz","2026-07-30 15:32:40","68","GAMBIT_BREAKFAST_WOMAN_PREM_SAL","Desayuno Woman Premium + Salsa tártara 2oz","false","gambit","false","0","false","0","false","false","true","finished_good","pieza","","","0","","self","other","0","0","0","","0","0","0","","unconfigured","true","no_inventory_resolution | inventory_enabled_false_requires_explicit_policy | inventory_flags_mismatch","none","historical_only_no_reactivation","0","none","not_applicable","composición histórica no confiable","","","Si vuelve a ofrecerse, debe crearse un producto nuevo con componentes explícitos.","historical_only"
"hbgxqrrybonavaigaetz","2026-07-30 15:32:40","69","GAMBIT_BREAKFAST_WOMAN_PREM_SAL_DRINK","Desayuno Woman Premium + Salsa tártara 2oz + Bebida lata","false","gambit","false","0","false","0","false","false","true","finished_good","pieza","","","0","","self","other","0","0","0","","0","0","0","","unconfigured","true","no_inventory_resolution | inventory_enabled_false_requires_explicit_policy | inventory_flags_mismatch","none","historical_only_no_reactivation","0","none","not_applicable","composición histórica no confiable","","","Si vuelve a ofrecerse, debe crearse un producto nuevo con componentes explícitos.","historical_only"
"hbgxqrrybonavaigaetz","2026-07-30 15:32:40","89","GAMBIT_DONDY_1","Dondy (1 und)","false","gambit","false","1","false","0","false","true","true","finished_good","pieza","","","0","","composition","other","0","0","0","","1","0","1","47::Dondys::recipe::qty=1::unit=pieza","direct","false","","direct","inventory_item_47:Dondys crudos","1 pieza","kitchen","on_hand_only","Dondy individual","","","","confirmed"
"hbgxqrrybonavaigaetz","2026-07-30 15:32:40","153","GAMBIT_DONDY_1_CHILDRENSDAY","Dondy (1 und) Día del Niño","false","gambit","false","1","false","0","false","true","true","finished_good","pieza","","","0","","composition","other","0","0","0","","1","0","1","47::Dondys::recipe::qty=1::unit=pieza","direct","false","","direct","inventory_item_47:Dondys crudos","1 pieza","kitchen","on_hand_only","Dondy individual","","","","confirmed"
"hbgxqrrybonavaigaetz","2026-07-30 15:32:40","137","GAMBIT_DONDY_1_FATHERSDAY","Dondy (1 und) Día del Padre","false","gambit","false","1","false","0","false","true","true","finished_good","pieza","","","0","","composition","other","0","0","0","","1","0","1","47::Dondys::recipe::qty=1::unit=pieza","direct","false","","direct","inventory_item_47:Dondys crudos","1 pieza","kitchen","on_hand_only","Dondy individual","","","","confirmed"
"hbgxqrrybonavaigaetz","2026-07-30 15:32:40","88","GAMBIT_DONDY1_LOYAL_FEB","Dondy (1 und) Loyal Febrero","false","gambit","false","1","false","0","false","true","true","finished_good","pieza","","","0","","composition","other","0","0","0","","1","0","1","47::Dondys::recipe::qty=1::unit=pieza","direct","false","","direct","inventory_item_47:Dondys crudos","1 pieza","kitchen","on_hand_only","Dondy individual","","","","confirmed"
"hbgxqrrybonavaigaetz","2026-07-30 15:32:40","99","BIRTHDAY_DONDYS","Dondys Cumpleaños","false","gambit","false","3","false","0","true","true","true","finished_good","pieza","","","0","","composition","other","0","0","0","","1","0","1","47::Dondys::recipe::qty=3::unit=pieza","direct","false","","direct","inventory_item_47:Dondys crudos","3 piezas","kitchen","on_hand_only","medio servicio Dondy","","","","confirmed"
"hbgxqrrybonavaigaetz","2026-07-30 15:32:40","87","GAMBIT_DONDYS_LOYAL_FEB","Dondys Loyal Febrero","false","gambit","false","6","false","0","false","true","true","finished_good","pieza","","","0","","composition","other","0","0","0","","1","0","1","47::Dondys::recipe::qty=3::unit=pieza","direct","false","","direct","inventory_item_47:Dondys crudos","3 piezas","kitchen","on_hand_only","medio servicio Dondy","","","","confirmed"
"hbgxqrrybonavaigaetz","2026-07-30 15:32:40","83","GAMBIT_DONDYS_NC_FEB","Dondys NC. Febrero","false","gambit","false","6","false","0","false","false","true","finished_good","pieza","","","0","","self","other","0","0","0","","0","0","0","","unconfigured","true","no_inventory_resolution | inventory_enabled_false_requires_explicit_policy | inventory_flags_mismatch","direct","inventory_item_47:Dondys crudos","6 piezas","kitchen","on_hand_only","fritura directa desde Dondy crudo","","","","confirmed"
"hbgxqrrybonavaigaetz","2026-07-30 15:32:40","150","GAMBIT_MALTA","Malta lata","false","gambit","false","0","false","0","false","true","true","finished_good","pieza","","","0","","self","other","0","0","0","","1","1","0","72::Malta lata::self_link::qty=1::unit=pieza","self","false","","self","inventory_item_30:Malta Lata","1 pieza","fulfillment","on_hand_only","bebida terminada contada individualmente","","10","Umbral inicial configurable por ítem; presentaciones mayoristas o promocionales comparten stock.","confirmed"
"hbgxqrrybonavaigaetz","2026-07-30 15:32:40","102","GAMBIT_SERVMINI","Mini Tequeños Fritos Beneficio del mes","false","gambit","false","25","false","0","true","true","true","finished_good","pieza","","","0","","self","other","0","0","0","","1","1","0","51::Mini Tequeños Fritos Beneficio del mes::self_link::qty=1::unit=pieza","self","false","","direct","inventory_item_1:Mini tequeño crudo","25/full; 12/half","kitchen","on_hand_only","misma fritura normal de mini tequeños","","","Promoción histórica: consume el mismo crudo canónico que Mini Tequeños Fritos.","confirmed"
"hbgxqrrybonavaigaetz","2026-07-30 15:32:40","86","GAMBIT_PEPSI15_SAL_LC_ENE","Pepsi 1.5 litro + 1 salsa tártara 2onz LC. Enero","false","gambit","false","0","false","0","false","true","true","finished_good","pieza","","","0","","composition","other","0","0","0","","2","0","2","26::Pepsi 1,5 Lts::recipe::qty=1::unit=pieza | 21::Salsa Tártara 2oz::recipe::qty=1::unit=pieza","direct","false","","direct","inventory_item_26:Pepsi 1,5 Lts x1 | inventory_item_21:Salsa Tártara 2oz x1","1 bebida + 1 salsa","by_component","on_hand_plus_immediate_recipe","composición física fija promocional","","","","confirmed"
"hbgxqrrybonavaigaetz","2026-07-30 15:32:40","152","GAMBIT_PEPSI LATA","Pepsi lata","false","gambit","false","0","false","0","false","true","true","finished_good","pieza","","","0","","self","other","0","0","0","","1","1","0","74::Pepsi lata::self_link::qty=1::unit=pieza","self","false","","self","inventory_item_27:Pepsi Lata","1 pieza","fulfillment","on_hand_only","bebida terminada contada individualmente","","10","Umbral inicial configurable por ítem; presentaciones mayoristas o promocionales comparten stock.","confirmed"
"hbgxqrrybonavaigaetz","2026-07-30 15:32:40","92","ANIVE","Sigle pack 6 aniversario","false","gambit","false","0","true","6","true","true","true","finished_good","pieza","","","0","","composition","other","6","6","5","5::Mini Tequeños Fritos::selectable::qty=1.000::required=t | 8::Empanadas Fritas::selectable::qty=1.000::required=t | 11::Cachitas Fritas::selectable::qty=1.000::required=t | 14::Mandocas Fritas::selectable::qty=1.000::required=t | 17::Bombys Fritos::selectable::qty=1.000::required=t | 2::Salsa Tártara 1oz::fixed::qty=1.000::required=t","0","0","0","","components","false","","components","selección libre de 6 piezas fritas + salsa tártara 1oz opcional","total seleccionable=6","by_component","component_projection","snapshot de selección real del pedido","","","La salsa solo consume inventario cuando el cliente la solicita.","confirmed"
"hbgxqrrybonavaigaetz","2026-07-30 15:32:40","95","LOYAL_10","Single Pack (10 und) Loyal Mayo","false","gambit","false","10","true","10","true","true","true","finished_good","pieza","","","0","","composition","other","6","5","5","2::Salsa Tártara 1oz::fixed::qty=1.000::required=f | 5::Mini Tequeños Fritos::selectable::qty=1.000::required=t | 8::Empanadas Fritas::selectable::qty=1.000::required=t | 11::Cachitas Fritas::selectable::qty=1.000::required=t | 14::Mandocas Fritas::selectable::qty=1.000::required=t | 17::Bombys Fritos::selectable::qty=1.000::required=t","0","0","0","","components","false","","components","selección libre de 10 piezas fritas + salsa tártara 1oz opcional","total seleccionable=10","by_component","component_projection","snapshot de selección real del pedido","","","La salsa solo consume inventario cuando el cliente la solicita.","confirmed"
"hbgxqrrybonavaigaetz","2026-07-30 15:32:40","97","ANIVERSARIO","Single Pack (6 und) Aniversario Mayo","false","gambit","false","6","true","6","true","true","true","finished_good","pieza","","","0","","composition","other","6","5","5","2::Salsa Tártara 1oz::fixed::qty=1.000::required=f | 5::Mini Tequeños Fritos::selectable::qty=1.000::required=t | 8::Empanadas Fritas::selectable::qty=1.000::required=t | 11::Cachitas Fritas::selectable::qty=1.000::required=t | 14::Mandocas Fritas::selectable::qty=1.000::required=t | 17::Bombys Fritos::selectable::qty=1.000::required=t","0","0","0","","components","false","","components","selección libre de 6 piezas fritas + salsa tártara 1oz opcional","total seleccionable=6","by_component","component_projection","snapshot de selección real del pedido","","","La salsa solo consume inventario cuando el cliente la solicita.","confirmed"
"hbgxqrrybonavaigaetz","2026-07-30 15:32:40","96","LC_MAYO","Single Pack (6 und) LC Mayo","false","gambit","false","6","true","6","true","false","false","finished_good","pieza","","","0","","composition","other","6","5","5","2::Salsa Tártara 1oz::fixed::qty=1.000::required=f | 5::Mini Tequeños Fritos::selectable::qty=1.000::required=t | 8::Empanadas Fritas::selectable::qty=1.000::required=t | 11::Cachitas Fritas::selectable::qty=1.000::required=t | 14::Mandocas Fritas::selectable::qty=1.000::required=t | 17::Bombys Fritos::selectable::qty=1.000::required=t","0","0","0","","components","true","inventory_enabled_false_requires_explicit_policy","components","selección libre de 6 piezas fritas + salsa tártara 1oz opcional","total seleccionable=6","by_component","component_projection","snapshot de selección real del pedido","","","La salsa solo consume inventario cuando el cliente la solicita.","confirmed"
"hbgxqrrybonavaigaetz","2026-07-30 15:32:40","94","LOYAL","Single Pack (6 und) Loyal Mayo","false","gambit","false","6","true","6","true","true","true","finished_good","pieza","","","0","","composition","other","6","5","5","2::Salsa Tártara 1oz::fixed::qty=1.000::required=f | 5::Mini Tequeños Fritos::selectable::qty=1.000::required=t | 11::Cachitas Fritas::selectable::qty=1.000::required=t | 14::Mandocas Fritas::selectable::qty=1.000::required=t | 8::Empanadas Fritas::selectable::qty=1.000::required=t | 17::Bombys Fritos::selectable::qty=1.000::required=t","0","0","0","","components","false","","components","selección libre de 6 piezas fritas + salsa tártara 1oz opcional","total seleccionable=6","by_component","component_projection","snapshot de selección real del pedido","","","La salsa solo consume inventario cuando el cliente la solicita.","confirmed"
"hbgxqrrybonavaigaetz","2026-07-30 15:32:40","130","BIRTHDAY_DONDY1","Und Dondy Cumpleaños","false","gambit","false","1","false","0","true","true","true","finished_good","pieza","","","0","","composition","other","0","0","0","","1","0","1","47::Dondys::recipe::qty=1::unit=pieza","direct","false","","direct","inventory_item_47:Dondys crudos","1 pieza","kitchen","on_hand_only","Dondy individual","","","","confirmed"
"hbgxqrrybonavaigaetz","2026-07-30 15:32:40","151","GAMBIT_YUKIPACK","Yukipack","false","gambit","false","0","false","0","false","true","true","finished_good","pieza","","","0","","self","other","0","0","0","","1","1","0","73::Yukipack::self_link::qty=1::unit=pieza","self","false","","self","inventory_item_75:Yukipack","1 pieza","fulfillment","on_hand_only","jugo individual Yukipack 250 cm³; caja=24","","10","Yukipack confirmado como jugo individual de 250 cm³. Se recibe en cajas de 24 o unidades sueltas, se cuenta por pieza y el ítem 73 se migra al ítem físico canónico 75.","confirmed"
"hbgxqrrybonavaigaetz","2026-07-30 15:32:40","108","SERV_MES","Beneficio del mes","false","product","false","0","true","25","false","true","true","finished_good","pieza","","","0","","composition","other","5","5","5","5::Mini Tequeños Fritos::selectable::qty=1.000::required=t | 8::Empanadas Fritas::selectable::qty=1.000::required=t | 11::Cachitas Fritas::selectable::qty=1.000::required=t | 14::Mandocas Fritas::selectable::qty=1.000::required=t | 17::Bombys Fritos::selectable::qty=1.000::required=t","0","0","0","","components","false","","components","selección real de 25 piezas fritas","total seleccionable=25","by_component","component_projection","snapshot de selección promocional","","","","confirmed"
"hbgxqrrybonavaigaetz","2026-07-30 15:32:40","103","GAMBIT_SERVBOMB","Bombys Beneficio del mes","false","product","false","25","false","0","true","true","true","finished_good","pieza","","","0","","self","other","0","0","0","","1","1","0","52::Bombys Beneficio del mes::self_link::qty=1::unit=pieza","self","false","","direct","inventory_item_19:Bombys Crudos","25/full; 12/half","kitchen","on_hand_only","misma fritura normal de Bombys","","","","confirmed"
"hbgxqrrybonavaigaetz","2026-07-30 15:32:40","129","BIRTHDAY_DONDY3","Dondys Cumpleaños","false","product","false","6","false","0","true","true","true","finished_good","pieza","","","0","","composition","other","0","0","0","","1","0","1","47::Dondys::recipe::qty=6::unit=pieza","direct","false","","direct","inventory_item_47:Dondys crudos","6 piezas","kitchen","on_hand_only","fritura directa desde Dondy crudo","","","","confirmed"
"hbgxqrrybonavaigaetz","2026-07-30 15:32:40","109","DESIGN_EMP_CERDO","Empanadas de Cerdo Crudas","false","product","false","20","false","0","true","true","true","finished_good","pieza","","","0","","self","other","0","0","0","","1","1","0","55::Empanadas de Cerdo Crudas::self_link::qty=1::unit=pieza","self","false","","direct","inventory_item_55:Empanada Pulled Pork cruda","20/full; 10/half","kitchen","scheduled_supply","fritura directa desde crudo estacional","","","La fila heredada se llama Crudas y se autoenlaza por 1; antes de reactivarla debe representar la versión frita de 20. La receta del restaurante es otro ítem y producto.","confirmed_requires_catalog_correction"
"hbgxqrrybonavaigaetz","2026-07-30 15:32:40","127","ANIVERSARIO_8","Single Pack (8 und) Aniversario","false","product","false","8","true","8","true","true","true","finished_good","pieza","","","0","","composition","other","6","5","5","2::Salsa Tártara 1oz::fixed::qty=1.000::required=f | 5::Mini Tequeños Fritos::selectable::qty=1.000::required=t | 8::Empanadas Fritas::selectable::qty=1.000::required=t | 11::Cachitas Fritas::selectable::qty=1.000::required=t | 14::Mandocas Fritas::selectable::qty=1.000::required=t | 17::Bombys Fritos::selectable::qty=1.000::required=t","0","0","0","","components","false","","components","selección libre de 8 piezas fritas + salsa tártara 1oz opcional","total seleccionable=8","by_component","component_projection","snapshot de selección real del pedido","","","La salsa solo consume inventario cuando el cliente la solicita.","confirmed"
"hbgxqrrybonavaigaetz","2026-07-30 15:32:40","107","SERV_DESTACADO","Trabajador Destacado (FRITO)","false","product","false","0","true","25","false","true","true","finished_good","pieza","","","0","","composition","other","5","5","5","5::Mini Tequeños Fritos::selectable::qty=1.000::required=t | 8::Empanadas Fritas::selectable::qty=1.000::required=t | 11::Cachitas Fritas::selectable::qty=1.000::required=t | 14::Mandocas Fritas::selectable::qty=1.000::required=t | 17::Bombys Fritos::selectable::qty=1.000::required=t","0","0","0","","components","false","","components","selección real de 25 piezas fritas","total seleccionable=25","by_component","component_projection","snapshot de selección promocional","","","","confirmed"
"hbgxqrrybonavaigaetz","2026-07-30 15:32:40","77","PROMO_DEL_Z1","Promo Delivery Zona 1","false","promo","false","0","false","0","false","false","false","finished_good","pieza","","","0","","self","other","0","0","0","","0","0","0","","unconfigured","true","no_inventory_resolution | inventory_enabled_false_requires_explicit_policy","none","not_applicable","0","none","not_applicable","servicio de delivery sin existencia física","","","Decisión 2026-07-30: línea comercial de delivery; puede formar parte de la orden y no genera requerimiento ni movimiento de inventario. Puede aparecer en una orden, pero no genera movimiento de inventario.","confirmed"
"hbgxqrrybonavaigaetz","2026-07-30 15:32:40","78","PROMO_DEL_Z2","Promo Delivery Zona 2","false","promo","false","0","false","0","false","false","false","finished_good","pieza","","","0","","self","other","0","0","0","","0","0","0","","unconfigured","true","no_inventory_resolution | inventory_enabled_false_requires_explicit_policy","none","not_applicable","0","none","not_applicable","servicio de delivery sin existencia física","","","Decisión 2026-07-30: línea comercial de delivery; puede formar parte de la orden y no genera requerimiento ni movimiento de inventario. Puede aparecer en una orden, pero no genera movimiento de inventario.","confirmed"
"hbgxqrrybonavaigaetz","2026-07-30 15:32:40","79","PROMO_DEL_Z3","Promo Delivery Zona 3","false","promo","false","0","false","0","false","false","false","finished_good","pieza","","","0","","self","other","0","0","0","","0","0","0","","unconfigured","true","no_inventory_resolution | inventory_enabled_false_requires_explicit_policy","none","not_applicable","0","none","not_applicable","servicio de delivery sin existencia física","","","Decisión 2026-07-30: línea comercial de delivery; puede formar parte de la orden y no genera requerimiento ni movimiento de inventario. Puede aparecer en una orden, pero no genera movimiento de inventario.","confirmed"
"hbgxqrrybonavaigaetz","2026-07-30 15:32:40","29","DONDYS_6","Dondys (6 und)","false","service","false","6","false","0","false","false","false","finished_good","pieza","","","0","","self","other","0","0","0","","0","0","0","","unconfigured","true","no_inventory_resolution | inventory_enabled_false_requires_explicit_policy","direct","inventory_item_47:Dondys crudos","6 piezas","kitchen","on_hand_only","fritura directa desde Dondy crudo","","","","confirmed"
